customer_id,customer_name,gender,age,state_id,city,phone_number
1,Rohan Shah,Male,30,1,Mumbai,9876543210
2,Priya Sharma,Female,25,2,Bengaluru,9876543211
3,Amit Verma,Male,40,3,Kolkata,9876543212
4,Neha Gupta,Female,35,4,Lucknow,9876543213
5,Rahul Singh,Male,28,5,Guwahati,9876543214
6,Anjali Mehta,Female,32,6,Bhopal,9876543215
3036,Customer 1,Male,61,1,Guwahati,9203711230
3037,Customer 2,Female,47,6,Bhopal,9665308471
3038,Customer 3,Others,75,3,Kolkata,9068444404
3039,Customer 4,Female,56,4,Lucknow,9233196097
3040,Customer 5,Male,55,4,Lucknow,9513262789
3041,Customer 6,Female,47,5,Lucknow,9445460012
3042,Customer 7,Female,64,3,Bengaluru,9041794645
3043,Customer 8,Others,35,6,Bengaluru,9688745868
3044,Customer 9,Others,35,5,Bengaluru,9631322952
3045,Customer 10,Others,28,3,Lucknow,9185456182
3046,Customer 11,Female,21,5,Mumbai,9754877138
3047,Customer 12,Female,45,2,Bhopal,9134594493
3048,Customer 13,Female,45,3,Lucknow,9924157981
3049,Customer 14,Others,38,5,Mumbai,9377091441
3050,Customer 15,Female,32,3,Bengaluru,9197853306
3051,Customer 16,Male,39,6,Bhopal,9388470255
3052,Customer 17,Others,36,1,Bengaluru,9674743038
3053,Customer 18,Others,53,5,Bhopal,9823139926
3054,Customer 19,Male,27,4,Mumbai,9982664985
3055,Customer 20,Others,35,2,Kolkata,9375009307
3056,Customer 21,Female,71,3,Bengaluru,9059278215
3057,Customer 22,Others,27,6,Kolkata,9597008742
3058,Customer 23,Others,63,1,Bhopal,9385409390
3059,Customer 24,Male,32,1,Bengaluru,9378760684
3060,Customer 25,Male,41,2,Bengaluru,9349919124
3061,Customer 26,Male,18,4,Bengaluru,9994664763
3062,Customer 27,Male,26,5,Kolkata,9402558452
3063,Customer 28,Others,70,2,Kolkata,9134530563
3064,Customer 29,Female,29,1,Mumbai,9133209981
3065,Customer 30,Others,30,2,Lucknow,9317230149
3066,Customer 31,Female,28,1,Kolkata,9551484582
3067,Customer 32,Others,36,2,Guwahati,9864538398
3068,Customer 33,Male,26,4,Bengaluru,9817761143
3069,Customer 34,Others,20,4,Bengaluru,9876005022
3070,Customer 35,Female,47,1,Bengaluru,9325300430
3071,Customer 36,Female,56,5,Guwahati,9307593052
3072,Customer 37,Others,67,1,Lucknow,9020820791
3073,Customer 38,Female,41,5,Guwahati,9502645238
3074,Customer 39,Others,31,2,Kolkata,9416341750
3075,Customer 40,Male,53,4,Guwahati,9460517181
3076,Customer 41,Others,66,3,Guwahati,9686659440
3077,Customer 42,Female,55,5,Guwahati,9771509648
3078,Customer 43,Female,53,2,Lucknow,9068757102
3079,Customer 44,Others,27,1,Lucknow,9984807607
3080,Customer 45,Others,46,1,Bhopal,9207583932
3081,Customer 46,Female,31,2,Guwahati,9829063891
3082,Customer 47,Male,29,5,Lucknow,9341972700
3083,Customer 48,Male,71,4,Mumbai,9066708950
3084,Customer 49,Male,71,5,Guwahati,9855389602
3085,Customer 50,Male,74,5,Lucknow,9592377914
3086,Customer 51,Female,38,2,Bengaluru,9197946518
3087,Customer 52,Female,66,6,Kolkata,9711997848
3088,Customer 53,Others,62,3,Mumbai,9309032949
3089,Customer 54,Female,20,5,Guwahati,9297558581
3090,Customer 55,Female,36,6,Lucknow,9021384162
3091,Customer 56,Female,24,5,Bengaluru,9445571118
3092,Customer 57,Female,42,4,Kolkata,9620432921
3093,Customer 58,Male,59,5,Bengaluru,9197790621
3094,Customer 59,Female,51,1,Lucknow,9914341043
3095,Customer 60,Female,26,4,Bhopal,9525742965
3096,Customer 61,Male,73,6,Guwahati,9372430969
3097,Customer 62,Female,53,2,Bhopal,9409619430
3098,Customer 63,Female,67,1,Mumbai,9910062616
3099,Customer 64,Male,72,3,Kolkata,9340406258
3100,Customer 65,Female,30,1,Bhopal,9436427291
3101,Customer 66,Male,38,2,Kolkata,9534982535
3102,Customer 67,Male,48,3,Bengaluru,9413304781
3103,Customer 68,Male,29,5,Bengaluru,9891136795
3104,Customer 69,Female,62,1,Mumbai,9022561782
3105,Customer 70,Male,46,3,Lucknow,9844895343
3106,Customer 71,Others,33,2,Guwahati,9200144644
3107,Customer 72,Female,35,3,Bengaluru,9551451938
3108,Customer 73,Female,64,2,Mumbai,9132302054
3109,Customer 74,Male,30,6,Kolkata,9684864445
3110,Customer 75,Male,48,6,Lucknow,9150909409
3111,Customer 76,Male,67,1,Bhopal,9423367624
3112,Customer 77,Female,27,5,Kolkata,9198911626
3113,Customer 78,Female,61,4,Bengaluru,9212962903
3114,Customer 79,Others,21,5,Bengaluru,9519318627
3115,Customer 80,Others,72,3,Guwahati,9534130685
3116,Customer 81,Female,35,2,Kolkata,9892606181
3117,Customer 82,Others,22,3,Kolkata,9744151534
3118,Customer 83,Male,29,3,Bhopal,9296468239
3119,Customer 84,Others,64,5,Mumbai,9949425563
3120,Customer 85,Female,46,4,Lucknow,9901789540
3121,Customer 86,Male,61,5,Bhopal,9894540656
3122,Customer 87,Female,19,4,Mumbai,9586058882
3123,Customer 88,Male,21,5,Guwahati,9671280448
3124,Customer 89,Male,58,1,Guwahati,9750391624
3125,Customer 90,Others,37,5,Bengaluru,9691246848
3126,Customer 91,Male,26,5,Bhopal,9392704001
3127,Customer 92,Male,63,1,Bhopal,9725592934
3128,Customer 93,Others,56,4,Guwahati,9507516552
3129,Customer 94,Female,71,5,Lucknow,9239511907
3130,Customer 95,Male,25,6,Lucknow,9587274874
3131,Customer 96,Male,28,6,Bhopal,9651740855
3132,Customer 97,Female,40,3,Mumbai,9605920916
3133,Customer 98,Female,73,2,Mumbai,9135930081
3134,Customer 99,Others,74,4,Bengaluru,9743925406
3135,Customer 100,Male,63,2,Bengaluru,9152369550
3136,Customer 101,Male,70,1,Guwahati,9713587277
3137,Customer 102,Others,65,2,Mumbai,9279429251
3138,Customer 103,Male,39,4,Guwahati,9248382216
3139,Customer 104,Female,26,3,Lucknow,9444838949
3140,Customer 105,Others,28,2,Mumbai,9883446533
3141,Customer 106,Female,72,1,Lucknow,9505910728
3142,Customer 107,Male,42,6,Bengaluru,9454415060
3143,Customer 108,Others,51,3,Mumbai,9535247707
3144,Customer 109,Male,52,3,Lucknow,9623847717
3145,Customer 110,Female,64,5,Mumbai,9255752547
3146,Customer 111,Male,53,1,Mumbai,9765114215
3147,Customer 112,Female,18,6,Bengaluru,9749095835
3148,Customer 113,Female,54,3,Kolkata,9241463330
3149,Customer 114,Others,50,2,Bengaluru,9540415188
3150,Customer 115,Others,26,1,Guwahati,9756869125
3151,Customer 116,Others,36,1,Lucknow,9663601066
3152,Customer 117,Male,32,1,Kolkata,9205765375
3153,Customer 118,Female,25,1,Kolkata,9011516111
3154,Customer 119,Others,53,1,Bengaluru,9704146688
3155,Customer 120,Others,75,4,Kolkata,9400788290
3156,Customer 121,Female,57,3,Mumbai,9115555605
3157,Customer 122,Male,33,5,Mumbai,9397313565
3158,Customer 123,Male,24,6,Lucknow,9332701705
3159,Customer 124,Female,21,3,Kolkata,9436397159
3160,Customer 125,Others,23,2,Bhopal,9185116010
3161,Customer 126,Others,54,3,Bengaluru,9656731720
3162,Customer 127,Male,30,2,Mumbai,9125372090
3163,Customer 128,Male,28,2,Guwahati,9379232428
3164,Customer 129,Others,26,3,Mumbai,9782325801
3165,Customer 130,Female,28,6,Bengaluru,9626544073
3166,Customer 131,Male,73,6,Kolkata,9613468461
3167,Customer 132,Others,35,1,Lucknow,9110331884
3168,Customer 133,Female,33,4,Kolkata,9717848332
3169,Customer 134,Female,40,1,Bhopal,9073615088
3170,Customer 135,Female,36,3,Bengaluru,9713641112
3171,Customer 136,Male,29,5,Mumbai,9922319631
3172,Customer 137,Others,73,1,Kolkata,9619969072
3173,Customer 138,Male,23,4,Bengaluru,9400364854
3174,Customer 139,Others,22,6,Guwahati,9379754703
3175,Customer 140,Female,54,5,Kolkata,9475289940
3176,Customer 141,Others,29,6,Guwahati,9984946313
3177,Customer 142,Male,41,4,Bhopal,9523837869
3178,Customer 143,Male,47,5,Bengaluru,9876009555
3179,Customer 144,Male,50,1,Lucknow,9766994033
3180,Customer 145,Others,73,2,Mumbai,9882929562
3181,Customer 146,Others,63,3,Lucknow,9716244795
3182,Customer 147,Female,25,2,Mumbai,9883283295
3183,Customer 148,Others,27,5,Kolkata,9608428380
3184,Customer 149,Female,51,5,Mumbai,9540503091
3185,Customer 150,Female,24,1,Guwahati,9589739527
3186,Customer 151,Others,72,2,Guwahati,9073089727
3187,Customer 152,Others,61,4,Guwahati,9320451857
3188,Customer 153,Others,70,6,Lucknow,9084200911
3189,Customer 154,Male,49,5,Kolkata,9441847661
3190,Customer 155,Others,62,4,Bengaluru,9055754637
3191,Customer 156,Others,52,6,Guwahati,9754996599
3192,Customer 157,Male,34,4,Mumbai,9768768524
3193,Customer 158,Male,64,4,Bengaluru,9722062520
3194,Customer 159,Female,73,6,Mumbai,9443798426
3195,Customer 160,Male,70,1,Guwahati,9414993715
3196,Customer 161,Others,68,5,Mumbai,9808205196
3197,Customer 162,Others,34,1,Bhopal,9800746888
3198,Customer 163,Male,37,2,Bengaluru,9716857861
3199,Customer 164,Male,39,6,Kolkata,9071352088
3200,Customer 165,Male,67,5,Bhopal,9294789765
3201,Customer 166,Female,31,1,Mumbai,9002925350
3202,Customer 167,Others,26,1,Kolkata,9551423359
3203,Customer 168,Female,73,1,Lucknow,9146367194
3204,Customer 169,Others,19,1,Kolkata,9054584167
3205,Customer 170,Female,24,1,Guwahati,9011376557
3206,Customer 171,Male,23,3,Bhopal,9302758907
3207,Customer 172,Male,20,2,Bhopal,9273926180
3208,Customer 173,Others,48,4,Bengaluru,9807063632
3209,Customer 174,Male,52,1,Bhopal,9727748857
3210,Customer 175,Female,67,6,Bhopal,9855618929
3211,Customer 176,Male,47,2,Mumbai,9713574167
3212,Customer 177,Female,72,3,Lucknow,9023607849
3213,Customer 178,Others,33,2,Kolkata,9651690165
3214,Customer 179,Male,67,3,Bhopal,9596682595
3215,Customer 180,Others,34,4,Guwahati,9575007488
3216,Customer 181,Others,65,3,Bhopal,9665958364
3217,Customer 182,Female,55,3,Bhopal,9700883032
3218,Customer 183,Female,62,5,Kolkata,9359352338
3219,Customer 184,Male,33,6,Bhopal,9644892503
3220,Customer 185,Others,22,5,Bhopal,9789250269
3221,Customer 186,Female,27,3,Mumbai,9316127949
3222,Customer 187,Others,49,3,Guwahati,9820853611
3223,Customer 188,Female,63,1,Kolkata,9478228670
3224,Customer 189,Male,56,4,Guwahati,9925647759
3225,Customer 190,Male,69,2,Lucknow,9683640585
3226,Customer 191,Female,36,6,Guwahati,9964783825
3227,Customer 192,Male,32,4,Lucknow,9480909907
3228,Customer 193,Female,34,3,Bengaluru,9222776175
3229,Customer 194,Male,44,5,Bhopal,9446246750
3230,Customer 195,Male,20,1,Bengaluru,9327973389
3231,Customer 196,Others,59,6,Kolkata,9450107726
3232,Customer 197,Female,51,1,Kolkata,9835541923
3233,Customer 198,Others,33,4,Guwahati,9965573417
3234,Customer 199,Female,41,4,Mumbai,9036088736
3235,Customer 200,Others,35,1,Guwahati,9324928490
3236,Customer 201,Male,75,2,Kolkata,9802364725
3237,Customer 202,Male,45,4,Bengaluru,9474412211
3238,Customer 203,Male,31,5,Bengaluru,9803681373
3239,Customer 204,Female,44,4,Bengaluru,9810649779
3240,Customer 205,Others,64,1,Mumbai,9980829097
3241,Customer 206,Male,68,2,Bhopal,9202400408
3242,Customer 207,Male,32,4,Bhopal,9398492294
3243,Customer 208,Female,25,1,Mumbai,9626514353
3244,Customer 209,Female,48,4,Kolkata,9364077185
3245,Customer 210,Others,44,2,Mumbai,9115854912
3246,Customer 211,Male,52,4,Mumbai,9952543516
3247,Customer 212,Male,74,4,Kolkata,9090010982
3248,Customer 213,Female,74,3,Bengaluru,9706895588
3249,Customer 214,Female,65,1,Bhopal,9349257461
3250,Customer 215,Female,61,6,Bhopal,9978081329
3251,Customer 216,Others,28,6,Lucknow,9167837763
3252,Customer 217,Others,56,3,Mumbai,9591741253
3253,Customer 218,Male,42,4,Lucknow,9860316541
3254,Customer 219,Female,59,1,Guwahati,9944164103
3255,Customer 220,Others,69,6,Mumbai,9826266777
3256,Customer 221,Male,73,2,Bhopal,9896739389
3257,Customer 222,Others,43,3,Bengaluru,9857562310
3258,Customer 223,Others,47,2,Lucknow,9549257694
3259,Customer 224,Male,64,1,Kolkata,9825528489
3260,Customer 225,Others,54,3,Mumbai,9361592135
3261,Customer 226,Male,65,1,Kolkata,9991682171
3262,Customer 227,Others,69,5,Bhopal,9642944599
3263,Customer 228,Female,71,3,Bengaluru,9584526545
3264,Customer 229,Female,21,5,Mumbai,9380421600
3265,Customer 230,Female,48,2,Guwahati,9494312462
3266,Customer 231,Others,24,2,Mumbai,9237933804
3267,Customer 232,Male,41,2,Bhopal,9638140102
3268,Customer 233,Female,25,4,Mumbai,9624093321
3269,Customer 234,Female,64,3,Lucknow,9501759416
3270,Customer 235,Female,44,6,Mumbai,9537948040
3271,Customer 236,Female,69,2,Bhopal,9366816269
3272,Customer 237,Female,72,5,Kolkata,9884809854
3273,Customer 238,Male,45,6,Kolkata,9280913589
3274,Customer 239,Male,44,3,Kolkata,9246492730
3275,Customer 240,Female,51,4,Bengaluru,9898158951
3276,Customer 241,Female,27,2,Mumbai,9569355272
3277,Customer 242,Male,47,1,Guwahati,9245115547
3278,Customer 243,Female,69,6,Kolkata,9011361268
3279,Customer 244,Female,24,1,Kolkata,9649276466
3280,Customer 245,Male,21,3,Bengaluru,9497162354
3281,Customer 246,Female,20,4,Guwahati,9306863982
3282,Customer 247,Male,50,1,Lucknow,9337760300
3283,Customer 248,Female,41,4,Bengaluru,9574069208
3284,Customer 249,Others,63,4,Guwahati,9767036662
3285,Customer 250,Others,53,6,Bhopal,9668226609
3286,Customer 251,Male,45,1,Mumbai,9458010151
3287,Customer 252,Male,62,1,Lucknow,9550672214
3288,Customer 253,Others,68,2,Lucknow,9143626427
3289,Customer 254,Male,18,1,Bengaluru,9063630213
3290,Customer 255,Others,68,3,Lucknow,9746531601
3291,Customer 256,Male,65,1,Mumbai,9782133483
3292,Customer 257,Male,74,1,Guwahati,9909499103
3293,Customer 258,Others,50,4,Lucknow,9580307370
3294,Customer 259,Male,20,5,Lucknow,9075938035
3295,Customer 260,Male,20,5,Mumbai,9172179822
3296,Customer 261,Female,54,2,Guwahati,9565583852
3297,Customer 262,Female,39,1,Guwahati,9624719635
3298,Customer 263,Male,29,4,Bengaluru,9507955562
3299,Customer 264,Male,60,3,Bhopal,9089436734
3300,Customer 265,Female,25,2,Guwahati,9579049162
3301,Customer 266,Male,56,3,Bengaluru,9765473396
3302,Customer 267,Male,36,2,Bhopal,9673993211
3303,Customer 268,Others,24,2,Kolkata,9525288601
3304,Customer 269,Male,55,2,Bengaluru,9626527838
3305,Customer 270,Others,41,5,Lucknow,9070275386
3306,Customer 271,Female,19,1,Bhopal,9298995232
3307,Customer 272,Others,48,2,Guwahati,9050135778
3308,Customer 273,Male,56,3,Lucknow,9882856490
3309,Customer 274,Male,50,3,Bengaluru,9655988987
3310,Customer 275,Male,52,4,Guwahati,9915995559
3311,Customer 276,Female,50,4,Guwahati,9512569164
3312,Customer 277,Others,74,6,Bhopal,9291354794
3313,Customer 278,Female,31,5,Kolkata,9811939093
3314,Customer 279,Male,24,1,Lucknow,9912490520
3315,Customer 280,Others,30,5,Mumbai,9847356540
3316,Customer 281,Others,54,4,Lucknow,9596403041
3317,Customer 282,Others,32,5,Guwahati,9676644986
3318,Customer 283,Female,30,2,Bengaluru,9905652511
3319,Customer 284,Male,39,2,Mumbai,9329655558
3320,Customer 285,Male,41,4,Guwahati,9560026939
3321,Customer 286,Male,26,2,Mumbai,9666459300
3322,Customer 287,Others,54,5,Lucknow,9519979562
3323,Customer 288,Female,40,2,Guwahati,9233187137
3324,Customer 289,Others,74,6,Lucknow,9505129302
3325,Customer 290,Others,70,4,Bengaluru,9419727718
3326,Customer 291,Male,58,3,Kolkata,9465330428
3327,Customer 292,Male,26,1,Lucknow,9845998669
3328,Customer 293,Others,38,4,Kolkata,9442446831
3329,Customer 294,Female,62,3,Mumbai,9318150521
3330,Customer 295,Others,70,3,Guwahati,9779672671
3331,Customer 296,Female,64,4,Lucknow,9520235334
3332,Customer 297,Female,59,6,Mumbai,9195361717
3333,Customer 298,Others,70,5,Lucknow,9627371845
3334,Customer 299,Female,26,2,Mumbai,9174011791
3335,Customer 300,Others,51,2,Lucknow,9820774340
3336,Customer 301,Male,70,2,Kolkata,9759154804
3337,Customer 302,Male,51,6,Mumbai,9750604244
3338,Customer 303,Others,38,5,Bhopal,9438336353
3339,Customer 304,Female,28,4,Bengaluru,9106791567
3340,Customer 305,Male,44,5,Mumbai,9812321612
3341,Customer 306,Others,48,6,Guwahati,9718571324
3342,Customer 307,Female,41,1,Bhopal,9165456327
3343,Customer 308,Others,70,5,Guwahati,9220714674
3344,Customer 309,Male,65,5,Lucknow,9666978237
3345,Customer 310,Others,67,6,Bhopal,9204760454
3346,Customer 311,Male,54,1,Guwahati,9310975331
3347,Customer 312,Female,22,1,Mumbai,9762184636
3348,Customer 313,Female,26,4,Mumbai,9628831897
3349,Customer 314,Male,58,1,Mumbai,9728180480
3350,Customer 315,Male,55,2,Mumbai,9753521519
3351,Customer 316,Others,31,1,Bengaluru,9456024161
3352,Customer 317,Male,51,5,Bengaluru,9447323194
3353,Customer 318,Male,55,2,Lucknow,9185457399
3354,Customer 319,Male,55,4,Lucknow,9510550371
3355,Customer 320,Female,40,1,Lucknow,9676789324
3356,Customer 321,Others,66,3,Bengaluru,9365129184
3357,Customer 322,Others,39,2,Lucknow,9493898194
3358,Customer 323,Male,22,2,Bengaluru,9502405604
3359,Customer 324,Others,43,5,Guwahati,9775969226
3360,Customer 325,Others,23,2,Bengaluru,9583215731
3361,Customer 326,Male,69,3,Guwahati,9442878957
3362,Customer 327,Others,45,3,Kolkata,9440181526
3363,Customer 328,Female,50,5,Guwahati,9174777113
3364,Customer 329,Others,35,2,Bhopal,9546148196
3365,Customer 330,Female,34,2,Bengaluru,9515181181
3366,Customer 331,Male,36,1,Mumbai,9699985964
3367,Customer 332,Female,20,4,Bhopal,9895707850
3368,Customer 333,Female,73,3,Kolkata,9152437082
3369,Customer 334,Others,31,6,Lucknow,9683336429
3370,Customer 335,Female,42,1,Lucknow,9232345646
3371,Customer 336,Male,70,4,Guwahati,9129605023
3372,Customer 337,Others,61,3,Guwahati,9118851876
3373,Customer 338,Female,21,4,Bhopal,9588541932
3374,Customer 339,Male,32,6,Bengaluru,9462641298
3375,Customer 340,Others,57,1,Lucknow,9780988576
3376,Customer 341,Male,54,6,Mumbai,9247244875
3377,Customer 342,Female,20,3,Kolkata,9528945705
3378,Customer 343,Male,70,4,Guwahati,9498078941
3379,Customer 344,Male,22,3,Bhopal,9290194710
3380,Customer 345,Female,32,6,Bhopal,9059789866
3381,Customer 346,Female,69,4,Guwahati,9645142265
3382,Customer 347,Female,29,2,Bengaluru,9864971328
3383,Customer 348,Female,24,3,Guwahati,9950522064
3384,Customer 349,Female,58,5,Bhopal,9760221944
3385,Customer 350,Male,46,5,Mumbai,9447542764
3386,Customer 351,Others,60,4,Bhopal,9284172753
3387,Customer 352,Male,47,5,Bengaluru,9870748408
3388,Customer 353,Female,68,5,Bengaluru,9512535060
3389,Customer 354,Others,19,1,Lucknow,9980244697
3390,Customer 355,Male,29,2,Kolkata,9787100030
3391,Customer 356,Others,63,3,Guwahati,9556390395
3392,Customer 357,Male,33,5,Bengaluru,9410005863
3393,Customer 358,Male,36,6,Bengaluru,9965770860
3394,Customer 359,Female,46,5,Mumbai,9094979527
3395,Customer 360,Female,30,5,Kolkata,9323380540
3396,Customer 361,Female,34,1,Lucknow,9323757346
3397,Customer 362,Others,70,2,Bengaluru,9752397966
3398,Customer 363,Others,59,2,Bhopal,9852005751
3399,Customer 364,Male,50,2,Kolkata,9964355138
3400,Customer 365,Others,33,6,Bhopal,9324735935
3401,Customer 366,Female,26,4,Kolkata,9707477956
3402,Customer 367,Female,33,6,Bhopal,9598850078
3403,Customer 368,Others,19,1,Mumbai,9669211479
3404,Customer 369,Female,32,2,Lucknow,9386194079
3405,Customer 370,Male,69,5,Mumbai,9524139087
3406,Customer 371,Female,21,1,Guwahati,9828332966
3407,Customer 372,Male,32,3,Kolkata,9712221894
3408,Customer 373,Female,29,6,Kolkata,9675346107
3409,Customer 374,Female,29,6,Kolkata,9351748334
3410,Customer 375,Others,64,6,Guwahati,9336738320
3411,Customer 376,Others,40,4,Kolkata,9022688026
3412,Customer 377,Female,51,5,Bhopal,9861477091
3413,Customer 378,Others,64,2,Mumbai,9385415842
3414,Customer 379,Others,59,4,Mumbai,9264644235
3415,Customer 380,Male,28,3,Mumbai,9539842981
3416,Customer 381,Female,65,2,Lucknow,9107119758
3417,Customer 382,Female,63,2,Guwahati,9452040721
3418,Customer 383,Others,61,4,Mumbai,9206522786
3419,Customer 384,Female,19,3,Bhopal,9932555564
3420,Customer 385,Others,39,4,Bhopal,9623077173
3421,Customer 386,Male,28,5,Kolkata,9610976096
3422,Customer 387,Female,63,6,Kolkata,9264911824
3423,Customer 388,Female,59,1,Mumbai,9808900114
3424,Customer 389,Others,34,4,Mumbai,9782865025
3425,Customer 390,Male,42,1,Bhopal,9763406934
3426,Customer 391,Others,26,6,Lucknow,9489842075
3427,Customer 392,Others,59,3,Bengaluru,9679607394
3428,Customer 393,Female,68,4,Mumbai,9936970350
3429,Customer 394,Female,70,6,Bengaluru,9305394161
3430,Customer 395,Female,46,4,Kolkata,9962231965
3431,Customer 396,Female,32,5,Kolkata,9214158031
3432,Customer 397,Others,74,1,Lucknow,9164457523
3433,Customer 398,Others,30,2,Kolkata,9511726693
3434,Customer 399,Others,44,2,Mumbai,9041180466
3435,Customer 400,Male,42,4,Bengaluru,9706470683
3436,Customer 401,Female,45,1,Guwahati,9095271844
3437,Customer 402,Others,19,6,Bengaluru,9757644491
3438,Customer 403,Others,22,1,Lucknow,9641085343
3439,Customer 404,Others,41,5,Lucknow,9353664746
3440,Customer 405,Others,56,6,Lucknow,9741944288
3441,Customer 406,Others,42,6,Bhopal,9875475675
3442,Customer 407,Others,42,1,Lucknow,9255018925
3443,Customer 408,Others,30,3,Mumbai,9900552389
3444,Customer 409,Others,57,6,Lucknow,9686140674
3445,Customer 410,Male,45,1,Guwahati,9742254198
3446,Customer 411,Female,68,5,Mumbai,9175068563
3447,Customer 412,Female,35,1,Lucknow,9970940738
3448,Customer 413,Female,55,6,Bengaluru,9513822001
3449,Customer 414,Others,70,6,Bengaluru,9880761489
3450,Customer 415,Others,28,3,Mumbai,9433984278
3451,Customer 416,Female,41,2,Guwahati,9018531564
3452,Customer 417,Female,39,2,Bengaluru,9456726613
3453,Customer 418,Male,26,2,Bhopal,9471619676
3454,Customer 419,Male,67,3,Lucknow,9923052016
3455,Customer 420,Others,28,4,Guwahati,9793389738
3456,Customer 421,Others,46,5,Bhopal,9312443384
3457,Customer 422,Others,38,6,Lucknow,9030413647
3458,Customer 423,Others,65,3,Lucknow,9131583965
3459,Customer 424,Others,23,4,Bhopal,9550833156
3460,Customer 425,Female,54,2,Bhopal,9230128664
3461,Customer 426,Male,44,6,Guwahati,9842845817
3462,Customer 427,Female,18,1,Kolkata,9112346577
3463,Customer 428,Female,64,4,Bhopal,9683285003
3464,Customer 429,Female,58,3,Kolkata,9309884037
3465,Customer 430,Others,27,4,Lucknow,9489664825
3466,Customer 431,Male,33,1,Bhopal,9653664037
3467,Customer 432,Female,43,4,Bhopal,9135924877
3468,Customer 433,Female,21,3,Lucknow,9890318626
3469,Customer 434,Others,51,5,Kolkata,9362863392
3470,Customer 435,Male,43,6,Bengaluru,9680475912
3471,Customer 436,Male,50,6,Kolkata,9570129418
3472,Customer 437,Female,44,1,Bhopal,9005533731
3473,Customer 438,Female,20,4,Lucknow,9676395118
3474,Customer 439,Male,70,4,Bengaluru,9415342531
3475,Customer 440,Others,28,1,Guwahati,9798813458
3476,Customer 441,Male,41,5,Bengaluru,9525280611
3477,Customer 442,Male,40,2,Kolkata,9187173543
3478,Customer 443,Others,23,5,Lucknow,9590153064
3479,Customer 444,Male,28,3,Lucknow,9085417553
3480,Customer 445,Others,49,4,Guwahati,9599607326
3481,Customer 446,Others,33,6,Bengaluru,9803474662
3482,Customer 447,Male,55,6,Mumbai,9897436426
3483,Customer 448,Others,62,2,Lucknow,9275255759
3484,Customer 449,Female,42,5,Guwahati,9274628047
3485,Customer 450,Others,35,6,Kolkata,9717480578
3486,Customer 451,Male,68,6,Guwahati,9997965054
3487,Customer 452,Male,43,2,Bhopal,9527154669
3488,Customer 453,Others,67,2,Mumbai,9028051107
3489,Customer 454,Others,23,1,Lucknow,9165207120
3490,Customer 455,Male,27,3,Mumbai,9904698786
3491,Customer 456,Male,39,6,Mumbai,9514276898
3492,Customer 457,Male,23,4,Bhopal,9894363743
3493,Customer 458,Female,46,4,Bhopal,9697133250
3494,Customer 459,Female,34,4,Guwahati,9153402466
3495,Customer 460,Female,40,5,Mumbai,9782850994
3496,Customer 461,Male,59,4,Kolkata,9210593154
3497,Customer 462,Female,48,1,Mumbai,9482048842
3498,Customer 463,Female,60,6,Kolkata,9072048871
3499,Customer 464,Female,70,1,Bhopal,9576808234
3500,Customer 465,Female,20,3,Guwahati,9778740051
3501,Customer 466,Female,65,3,Guwahati,9468045643
3502,Customer 467,Male,45,6,Lucknow,9285258120
3503,Customer 468,Female,45,1,Bhopal,9538015550
3504,Customer 469,Others,50,4,Kolkata,9897219534
3505,Customer 470,Male,19,1,Guwahati,9651244668
3506,Customer 471,Others,71,4,Bengaluru,9227782886
3507,Customer 472,Female,56,2,Mumbai,9416378360
3508,Customer 473,Female,59,4,Kolkata,9912115469
3509,Customer 474,Male,75,4,Bengaluru,9190444730
3510,Customer 475,Others,61,6,Mumbai,9192321305
3511,Customer 476,Male,48,4,Lucknow,9375402755
3512,Customer 477,Female,58,4,Lucknow,9587573792
3513,Customer 478,Male,26,4,Bengaluru,9640834436
3514,Customer 479,Female,40,2,Bengaluru,9002582720
3515,Customer 480,Others,67,4,Bengaluru,9235262304
3516,Customer 481,Female,29,4,Lucknow,9958224985
3517,Customer 482,Male,39,4,Lucknow,9475222134
3518,Customer 483,Male,58,4,Bhopal,9335909971
3519,Customer 484,Others,62,2,Bhopal,9660761107
3520,Customer 485,Others,63,4,Bhopal,9211834127
3521,Customer 486,Female,34,1,Kolkata,9388888403
3522,Customer 487,Female,63,5,Lucknow,9815529351
3523,Customer 488,Male,23,6,Guwahati,9072434707
3524,Customer 489,Male,23,5,Bhopal,9355571574
3525,Customer 490,Female,65,3,Kolkata,9059537283
3526,Customer 491,Male,51,4,Guwahati,9728790366
3527,Customer 492,Male,20,3,Bhopal,9638993307
3528,Customer 493,Female,57,1,Kolkata,9957913045
3529,Customer 494,Female,53,2,Guwahati,9442422998
3530,Customer 495,Others,60,5,Mumbai,9392468272
3531,Customer 496,Female,66,5,Mumbai,9659264178
3532,Customer 497,Male,39,5,Guwahati,9530154715
3533,Customer 498,Female,28,2,Bengaluru,9460109340
3534,Customer 499,Others,21,5,Mumbai,9508490758
3535,Customer 500,Female,42,2,Kolkata,9504687479
3536,Customer 501,Others,49,5,Bhopal,9469789285
3537,Customer 502,Female,61,4,Kolkata,9008601344
3538,Customer 503,Male,47,2,Guwahati,9661402743
3539,Customer 504,Female,32,2,Kolkata,9009799689
3540,Customer 505,Female,62,5,Kolkata,9786010810
3541,Customer 506,Male,24,2,Kolkata,9527379836
3542,Customer 507,Others,63,6,Kolkata,9469421181
3543,Customer 508,Others,59,6,Bengaluru,9637683308
3544,Customer 509,Others,74,3,Mumbai,9585501473
3545,Customer 510,Others,36,4,Mumbai,9906247348
3546,Customer 511,Female,43,2,Mumbai,9799513294
3547,Customer 512,Male,37,3,Lucknow,9839837738
3548,Customer 513,Others,55,3,Guwahati,9776409670
3549,Customer 514,Female,25,1,Bhopal,9121919663
3550,Customer 515,Others,46,6,Lucknow,9205061668
3551,Customer 516,Female,21,6,Bhopal,9876345614
3552,Customer 517,Female,61,5,Bhopal,9434934300
3553,Customer 518,Others,27,2,Mumbai,9927096362
3554,Customer 519,Male,54,6,Lucknow,9773712979
3555,Customer 520,Male,51,3,Bengaluru,9210083533
3556,Customer 521,Female,52,2,Bengaluru,9971490660
3557,Customer 522,Others,29,5,Mumbai,9998982937
3558,Customer 523,Others,71,5,Kolkata,9288670805
3559,Customer 524,Male,66,3,Bhopal,9593193411
3560,Customer 525,Others,50,5,Lucknow,9165081753
3561,Customer 526,Others,42,2,Mumbai,9245098128
3562,Customer 527,Others,24,3,Bengaluru,9170546866
3563,Customer 528,Female,28,6,Kolkata,9725979718
3564,Customer 529,Male,22,2,Bhopal,9830398462
3565,Customer 530,Others,25,3,Guwahati,9887641654
3566,Customer 531,Male,37,3,Kolkata,9560057340
3567,Customer 532,Female,49,5,Bengaluru,9349118596
3568,Customer 533,Female,55,4,Lucknow,9329374786
3569,Customer 534,Male,42,2,Bengaluru,9293945620
3570,Customer 535,Female,68,6,Bhopal,9009517499
3571,Customer 536,Male,40,6,Bengaluru,9575792243
3572,Customer 537,Male,22,4,Lucknow,9634033747
3573,Customer 538,Male,29,3,Mumbai,9470741837
3574,Customer 539,Others,42,2,Bengaluru,9570950754
3575,Customer 540,Male,40,4,Kolkata,9985252585
3576,Customer 541,Male,53,2,Mumbai,9846699504
3577,Customer 542,Male,69,3,Lucknow,9142589579
3578,Customer 543,Female,67,5,Mumbai,9021919051
3579,Customer 544,Others,71,4,Kolkata,9868030535
3580,Customer 545,Female,23,6,Bhopal,9348300795
3581,Customer 546,Male,49,1,Bengaluru,9142932436
3582,Customer 547,Male,36,5,Guwahati,9658625792
3583,Customer 548,Others,63,2,Kolkata,9706862984
3584,Customer 549,Others,68,6,Lucknow,9915732181
3585,Customer 550,Male,44,5,Bhopal,9212030086
3586,Customer 551,Male,45,4,Lucknow,9372156118
3587,Customer 552,Others,36,5,Lucknow,9094485978
3588,Customer 553,Male,74,5,Bengaluru,9852114931
3589,Customer 554,Others,36,2,Bengaluru,9817805954
3590,Customer 555,Female,68,5,Guwahati,9400150268
3591,Customer 556,Female,31,1,Bhopal,9695176671
3592,Customer 557,Male,67,5,Bhopal,9561352008
3593,Customer 558,Others,60,2,Kolkata,9074364661
3594,Customer 559,Male,67,5,Bhopal,9719256124
3595,Customer 560,Others,64,5,Guwahati,9349525948
3596,Customer 561,Others,21,1,Lucknow,9022819159
3597,Customer 562,Others,73,5,Bengaluru,9451727835
3598,Customer 563,Female,63,3,Guwahati,9970976081
3599,Customer 564,Female,64,3,Bengaluru,9234879429
3600,Customer 565,Others,67,4,Guwahati,9442923742
3601,Customer 566,Others,36,3,Guwahati,9396800598
3602,Customer 567,Male,53,6,Kolkata,9607685685
3603,Customer 568,Male,26,3,Mumbai,9202477630
3604,Customer 569,Female,41,5,Mumbai,9052541339
3605,Customer 570,Others,30,1,Bhopal,9988154635
3606,Customer 571,Others,60,3,Lucknow,9877409727
3607,Customer 572,Male,65,3,Mumbai,9925837555
3608,Customer 573,Male,69,4,Lucknow,9156754340
3609,Customer 574,Male,70,4,Bengaluru,9540601925
3610,Customer 575,Others,56,3,Lucknow,9157636590
3611,Customer 576,Female,60,6,Guwahati,9096615884
3612,Customer 577,Male,53,3,Bhopal,9820608119
3613,Customer 578,Male,26,5,Bengaluru,9190295790
3614,Customer 579,Female,19,6,Guwahati,9592329036
3615,Customer 580,Male,30,4,Lucknow,9253160196
3616,Customer 581,Female,44,5,Bhopal,9333043697
3617,Customer 582,Male,31,5,Bhopal,9278796767
3618,Customer 583,Others,63,3,Guwahati,9176507220
3619,Customer 584,Female,37,3,Bhopal,9653834667
3620,Customer 585,Others,68,3,Guwahati,9544523124
3621,Customer 586,Male,66,1,Bhopal,9163699302
3622,Customer 587,Others,19,1,Bengaluru,9713475814
3623,Customer 588,Male,65,4,Guwahati,9511081090
3624,Customer 589,Others,43,4,Bhopal,9850140082
3625,Customer 590,Male,66,2,Bengaluru,9412285791
3626,Customer 591,Male,44,4,Kolkata,9183457765
3627,Customer 592,Male,55,6,Bengaluru,9589127225
3628,Customer 593,Female,52,2,Bengaluru,9858225139
3629,Customer 594,Female,21,3,Bhopal,9510051344
3630,Customer 595,Others,52,2,Bengaluru,9607963197
3631,Customer 596,Male,35,5,Guwahati,9389364482
3632,Customer 597,Female,64,3,Guwahati,9024709023
3633,Customer 598,Others,47,1,Lucknow,9681124049
3634,Customer 599,Female,39,1,Bengaluru,9618240746
3635,Customer 600,Female,46,3,Guwahati,9943593173
3636,Customer 601,Others,35,1,Kolkata,9041465914
3637,Customer 602,Male,52,3,Mumbai,9753548974
3638,Customer 603,Female,54,5,Lucknow,9022593011
3639,Customer 604,Others,41,4,Guwahati,9622925929
3640,Customer 605,Male,23,1,Bengaluru,9763939341
3641,Customer 606,Others,29,3,Bengaluru,9317245837
3642,Customer 607,Female,20,6,Kolkata,9185084961
3643,Customer 608,Male,41,2,Kolkata,9438413379
3644,Customer 609,Others,46,2,Lucknow,9464701286
3645,Customer 610,Others,24,3,Kolkata,9097094988
3646,Customer 611,Female,33,4,Kolkata,9658025066
3647,Customer 612,Male,67,3,Bengaluru,9439932668
3648,Customer 613,Male,43,2,Bhopal,9114651169
3649,Customer 614,Others,59,4,Kolkata,9176435472
3650,Customer 615,Others,69,1,Mumbai,9404694925
3651,Customer 616,Female,64,2,Kolkata,9115517040
3652,Customer 617,Female,44,5,Lucknow,9396049441
3653,Customer 618,Female,53,4,Bengaluru,9281006772
3654,Customer 619,Male,46,5,Mumbai,9808179062
3655,Customer 620,Female,49,4,Bengaluru,9664786719
3656,Customer 621,Male,36,5,Kolkata,9802355161
3657,Customer 622,Others,51,2,Kolkata,9782809687
3658,Customer 623,Others,49,3,Bengaluru,9136048902
3659,Customer 624,Female,28,1,Guwahati,9728620945
3660,Customer 625,Others,66,2,Kolkata,9630139227
3661,Customer 626,Male,56,1,Bhopal,9007073087
3662,Customer 627,Others,50,3,Bhopal,9605759671
3663,Customer 628,Others,49,3,Lucknow,9384217048
3664,Customer 629,Female,40,2,Kolkata,9401342457
3665,Customer 630,Others,67,6,Lucknow,9116084681
3666,Customer 631,Female,22,3,Bhopal,9111661656
3667,Customer 632,Others,40,3,Lucknow,9925672170
3668,Customer 633,Male,19,5,Bhopal,9613198312
3669,Customer 634,Female,52,2,Kolkata,9480627775
3670,Customer 635,Male,37,5,Lucknow,9427979081
3671,Customer 636,Female,25,4,Guwahati,9551042593
3672,Customer 637,Female,50,2,Bengaluru,9763450414
3673,Customer 638,Male,74,2,Bhopal,9755347133
3674,Customer 639,Others,26,3,Bengaluru,9808104411
3675,Customer 640,Others,26,5,Mumbai,9267722177
3676,Customer 641,Others,73,4,Mumbai,9082493491
3677,Customer 642,Others,25,1,Mumbai,9972588484
3678,Customer 643,Male,33,2,Bhopal,9939033435
3679,Customer 644,Female,21,3,Lucknow,9990250897
3680,Customer 645,Male,68,5,Lucknow,9854034772
3681,Customer 646,Female,47,6,Kolkata,9625968888
3682,Customer 647,Female,48,1,Bhopal,9774416401
3683,Customer 648,Others,53,1,Bhopal,9842553765
3684,Customer 649,Others,48,5,Lucknow,9401959456
3685,Customer 650,Male,35,6,Mumbai,9354392056
3686,Customer 651,Male,75,6,Lucknow,9680050355
3687,Customer 652,Male,39,5,Bengaluru,9306869580
3688,Customer 653,Female,73,1,Lucknow,9611360651
3689,Customer 654,Others,48,1,Lucknow,9414227913
3690,Customer 655,Male,58,5,Kolkata,9600845982
3691,Customer 656,Male,54,6,Lucknow,9107995612
3692,Customer 657,Male,50,5,Kolkata,9759541131
3693,Customer 658,Female,49,1,Lucknow,9854185675
3694,Customer 659,Others,58,5,Bengaluru,9594858330
3695,Customer 660,Female,31,6,Bengaluru,9258653839
3696,Customer 661,Others,53,4,Lucknow,9110614096
3697,Customer 662,Others,71,5,Bengaluru,9072905931
3698,Customer 663,Others,60,4,Mumbai,9257474378
3699,Customer 664,Female,48,1,Bengaluru,9387030484
3700,Customer 665,Others,29,5,Bengaluru,9677466735
3701,Customer 666,Female,39,6,Lucknow,9168997529
3702,Customer 667,Female,62,2,Bhopal,9972816363
3703,Customer 668,Male,48,6,Bhopal,9756238552
3704,Customer 669,Male,69,3,Kolkata,9416637733
3705,Customer 670,Others,53,5,Guwahati,9219553249
3706,Customer 671,Female,49,6,Bengaluru,9264965249
3707,Customer 672,Female,32,6,Kolkata,9337506265
3708,Customer 673,Male,37,6,Bhopal,9476267612
3709,Customer 674,Others,47,3,Bengaluru,9792404726
3710,Customer 675,Others,23,4,Bengaluru,9092852413
3711,Customer 676,Male,34,1,Mumbai,9436106764
3712,Customer 677,Male,20,2,Guwahati,9251884215
3713,Customer 678,Others,71,5,Guwahati,9722710644
3714,Customer 679,Male,53,1,Lucknow,9058344339
3715,Customer 680,Male,62,2,Bengaluru,9212324859
3716,Customer 681,Others,65,4,Bengaluru,9304649407
3717,Customer 682,Female,67,1,Bengaluru,9043203793
3718,Customer 683,Female,60,5,Guwahati,9260882897
3719,Customer 684,Others,60,5,Bhopal,9616962411
3720,Customer 685,Female,52,2,Bengaluru,9230221399
3721,Customer 686,Male,42,1,Bengaluru,9305726094
3722,Customer 687,Female,49,2,Kolkata,9663623134
3723,Customer 688,Male,47,1,Bengaluru,9135997925
3724,Customer 689,Female,19,3,Guwahati,9283840701
3725,Customer 690,Male,41,3,Mumbai,9313971878
3726,Customer 691,Others,27,4,Guwahati,9449616707
3727,Customer 692,Male,25,4,Bengaluru,9534675886
3728,Customer 693,Male,23,4,Kolkata,9319438177
3729,Customer 694,Female,65,3,Kolkata,9520626574
3730,Customer 695,Male,65,5,Bengaluru,9717835605
3731,Customer 696,Others,58,6,Kolkata,9426059165
3732,Customer 697,Male,32,2,Mumbai,9985854678
3733,Customer 698,Others,60,6,Mumbai,9587640856
3734,Customer 699,Others,62,6,Bengaluru,9850203202
3735,Customer 700,Others,40,5,Guwahati,9086682117
3736,Customer 701,Female,34,5,Bhopal,9985278131
3737,Customer 702,Female,34,1,Guwahati,9777109821
3738,Customer 703,Female,32,4,Bengaluru,9736307401
3739,Customer 704,Male,19,5,Bhopal,9812576480
3740,Customer 705,Female,57,2,Mumbai,9003715117
3741,Customer 706,Female,51,2,Bhopal,9667622774
3742,Customer 707,Others,28,1,Mumbai,9968991351
3743,Customer 708,Others,36,3,Bhopal,9383903603
3744,Customer 709,Others,41,1,Guwahati,9858388725
3745,Customer 710,Others,55,5,Guwahati,9777932268
3746,Customer 711,Male,49,1,Kolkata,9064952411
3747,Customer 712,Female,30,6,Bengaluru,9326258760
3748,Customer 713,Male,59,3,Bhopal,9345879570
3749,Customer 714,Others,58,5,Mumbai,9331193707
3750,Customer 715,Female,29,1,Mumbai,9414263777
3751,Customer 716,Male,73,4,Lucknow,9305409076
3752,Customer 717,Others,60,5,Mumbai,9229636218
3753,Customer 718,Female,54,3,Mumbai,9047334962
3754,Customer 719,Female,29,4,Guwahati,9511381078
3755,Customer 720,Others,33,4,Guwahati,9443954860
3756,Customer 721,Female,38,4,Lucknow,9649116961
3757,Customer 722,Others,37,2,Kolkata,9407624302
3758,Customer 723,Female,72,3,Bengaluru,9232599022
3759,Customer 724,Others,29,2,Kolkata,9963136847
3760,Customer 725,Female,37,6,Guwahati,9969905219
3761,Customer 726,Male,53,5,Lucknow,9792353007
3762,Customer 727,Others,57,4,Guwahati,9067213441
3763,Customer 728,Male,73,6,Bhopal,9176175848
3764,Customer 729,Male,28,6,Bengaluru,9489105521
3765,Customer 730,Female,45,5,Mumbai,9073110080
3766,Customer 731,Female,50,3,Lucknow,9568770431
3767,Customer 732,Female,39,4,Mumbai,9630812074
3768,Customer 733,Male,22,6,Guwahati,9170790027
3769,Customer 734,Male,24,5,Lucknow,9615100399
3770,Customer 735,Female,41,1,Bhopal,9118406692
3771,Customer 736,Male,49,1,Mumbai,9763287586
3772,Customer 737,Female,30,4,Kolkata,9783022534
3773,Customer 738,Others,26,4,Bengaluru,9424538496
3774,Customer 739,Female,21,4,Kolkata,9966505313
3775,Customer 740,Female,35,1,Mumbai,9605004783
3776,Customer 741,Others,66,2,Bhopal,9800506685
3777,Customer 742,Male,52,2,Bhopal,9595981510
3778,Customer 743,Others,23,2,Bengaluru,9619820254
3779,Customer 744,Male,36,5,Guwahati,9843376818
3780,Customer 745,Others,21,6,Mumbai,9345418423
3781,Customer 746,Others,24,5,Bhopal,9119466874
3782,Customer 747,Male,71,3,Bhopal,9420818637
3783,Customer 748,Others,42,5,Bhopal,9432350874
3784,Customer 749,Others,43,2,Kolkata,9542864477
3785,Customer 750,Female,20,5,Bengaluru,9888414447
3786,Customer 751,Female,39,3,Bhopal,9657965621
3787,Customer 752,Others,29,1,Kolkata,9094643531
3788,Customer 753,Male,42,6,Bhopal,9053623071
3789,Customer 754,Others,57,6,Guwahati,9390008072
3790,Customer 755,Others,21,6,Lucknow,9228239148
3791,Customer 756,Female,74,3,Guwahati,9181793571
3792,Customer 757,Female,71,3,Bhopal,9183579343
3793,Customer 758,Male,41,4,Bengaluru,9844543604
3794,Customer 759,Female,48,2,Lucknow,9103155673
3795,Customer 760,Female,46,3,Bhopal,9266170136
3796,Customer 761,Others,18,2,Lucknow,9372547349
3797,Customer 762,Others,41,3,Bengaluru,9895742606
3798,Customer 763,Female,42,5,Bengaluru,9402656810
3799,Customer 764,Others,47,1,Bhopal,9215183794
3800,Customer 765,Male,70,6,Lucknow,9473930510
3801,Customer 766,Others,25,6,Guwahati,9699650299
3802,Customer 767,Male,41,6,Mumbai,9197102731
3803,Customer 768,Female,67,2,Bhopal,9722955999
3804,Customer 769,Others,26,6,Mumbai,9176317284
3805,Customer 770,Others,26,1,Mumbai,9821517082
3806,Customer 771,Others,21,1,Guwahati,9380237705
3807,Customer 772,Male,56,6,Mumbai,9992635201
3808,Customer 773,Others,44,2,Bhopal,9474980633
3809,Customer 774,Others,25,2,Bengaluru,9447280670
3810,Customer 775,Female,64,5,Bhopal,9163262262
3811,Customer 776,Female,56,3,Mumbai,9046072456
3812,Customer 777,Others,56,6,Kolkata,9715178494
3813,Customer 778,Female,54,5,Mumbai,9474446730
3814,Customer 779,Male,41,2,Bengaluru,9386709076
3815,Customer 780,Female,46,3,Kolkata,9648957457
3816,Customer 781,Others,28,1,Bhopal,9380885886
3817,Customer 782,Male,55,4,Kolkata,9604590477
3818,Customer 783,Female,53,1,Bhopal,9232739778
3819,Customer 784,Male,42,6,Bengaluru,9569913976
3820,Customer 785,Others,68,6,Bhopal,9543590613
3821,Customer 786,Male,70,5,Mumbai,9620994749
3822,Customer 787,Female,35,3,Mumbai,9472202464
3823,Customer 788,Male,65,2,Kolkata,9959952926
3824,Customer 789,Female,59,3,Kolkata,9990339713
3825,Customer 790,Others,30,5,Lucknow,9041486866
3826,Customer 791,Female,31,4,Bhopal,9130019460
3827,Customer 792,Others,18,4,Mumbai,9571287542
3828,Customer 793,Male,38,3,Kolkata,9216208941
3829,Customer 794,Male,36,5,Kolkata,9636436126
3830,Customer 795,Male,31,1,Guwahati,9899522057
3831,Customer 796,Female,48,2,Mumbai,9394219558
3832,Customer 797,Male,64,3,Mumbai,9262856506
3833,Customer 798,Female,41,5,Bhopal,9077140658
3834,Customer 799,Female,52,5,Lucknow,9774328330
3835,Customer 800,Others,33,3,Lucknow,9984465348
3836,Customer 801,Others,32,1,Bhopal,9061942310
3837,Customer 802,Others,63,3,Bhopal,9261153750
3838,Customer 803,Male,68,3,Bengaluru,9308434001
3839,Customer 804,Female,30,6,Mumbai,9943216676
3840,Customer 805,Female,21,3,Kolkata,9112230364
3841,Customer 806,Female,34,1,Mumbai,9509288241
3842,Customer 807,Others,33,6,Lucknow,9329621353
3843,Customer 808,Male,38,4,Mumbai,9901309783
3844,Customer 809,Male,41,5,Bengaluru,9983548852
3845,Customer 810,Others,58,2,Kolkata,9677483211
3846,Customer 811,Male,64,5,Bengaluru,9601521703
3847,Customer 812,Male,66,3,Bhopal,9622676909
3848,Customer 813,Others,70,1,Bhopal,9296932759
3849,Customer 814,Female,69,3,Bengaluru,9186542948
3850,Customer 815,Female,47,3,Bengaluru,9553671691
3851,Customer 816,Female,37,6,Bhopal,9600223623
3852,Customer 817,Male,49,1,Lucknow,9753201897
3853,Customer 818,Female,41,1,Bengaluru,9279222878
3854,Customer 819,Male,46,1,Bhopal,9791699771
3855,Customer 820,Male,29,4,Bengaluru,9849208075
3856,Customer 821,Female,39,6,Lucknow,9960132889
3857,Customer 822,Male,46,3,Guwahati,9828094414
3858,Customer 823,Male,23,3,Kolkata,9379308481
3859,Customer 824,Others,48,2,Mumbai,9581982949
3860,Customer 825,Others,57,5,Guwahati,9676021253
3861,Customer 826,Male,70,1,Guwahati,9555501545
3862,Customer 827,Male,61,2,Lucknow,9796284217
3863,Customer 828,Female,35,3,Guwahati,9885779605
3864,Customer 829,Male,60,2,Bhopal,9219478754
3865,Customer 830,Others,58,5,Kolkata,9208624292
3866,Customer 831,Others,62,6,Mumbai,9295213598
3867,Customer 832,Male,73,6,Bengaluru,9370318544
3868,Customer 833,Female,72,2,Kolkata,9919184596
3869,Customer 834,Male,51,1,Bengaluru,9235018327
3870,Customer 835,Female,72,6,Bengaluru,9279343647
3871,Customer 836,Female,30,3,Bengaluru,9915664002
3872,Customer 837,Male,65,2,Guwahati,9143807349
3873,Customer 838,Male,67,6,Lucknow,9178583125
3874,Customer 839,Male,29,1,Bengaluru,9991863420
3875,Customer 840,Others,22,2,Mumbai,9335789058
3876,Customer 841,Male,48,5,Bengaluru,9708453542
3877,Customer 842,Others,49,5,Mumbai,9473674228
3878,Customer 843,Male,69,1,Lucknow,9910919199
3879,Customer 844,Male,51,2,Bhopal,9063338590
3880,Customer 845,Others,71,5,Lucknow,9531527165
3881,Customer 846,Others,59,6,Lucknow,9612486239
3882,Customer 847,Others,25,1,Bhopal,9291309174
3883,Customer 848,Male,64,1,Guwahati,9473588206
3884,Customer 849,Female,19,1,Mumbai,9478005340
3885,Customer 850,Male,46,1,Bhopal,9444179997
3886,Customer 851,Female,40,1,Lucknow,9070003333
3887,Customer 852,Male,59,5,Bengaluru,9237220091
3888,Customer 853,Female,66,3,Guwahati,9896314072
3889,Customer 854,Male,47,6,Bhopal,9849013130
3890,Customer 855,Others,45,2,Guwahati,9074096195
3891,Customer 856,Others,20,5,Bhopal,9286092175
3892,Customer 857,Male,61,3,Bengaluru,9155950334
3893,Customer 858,Male,68,6,Mumbai,9346736055
3894,Customer 859,Male,23,3,Lucknow,9460566980
3895,Customer 860,Others,58,3,Kolkata,9515910301
3896,Customer 861,Male,63,3,Kolkata,9933896706
3897,Customer 862,Others,37,1,Guwahati,9431090886
3898,Customer 863,Male,56,4,Bhopal,9105630068
3899,Customer 864,Female,50,2,Kolkata,9685681211
3900,Customer 865,Female,36,4,Mumbai,9865622944
3901,Customer 866,Others,64,5,Guwahati,9200350656
3902,Customer 867,Male,56,3,Bhopal,9879859934
3903,Customer 868,Others,21,2,Bengaluru,9788953271
3904,Customer 869,Female,72,4,Bhopal,9040281354
3905,Customer 870,Male,50,1,Lucknow,9478795704
3906,Customer 871,Others,19,1,Kolkata,9960516144
3907,Customer 872,Male,22,1,Kolkata,9448022964
3908,Customer 873,Male,25,1,Lucknow,9940209899
3909,Customer 874,Male,20,2,Kolkata,9486704964
3910,Customer 875,Others,44,3,Mumbai,9369748826
3911,Customer 876,Female,32,5,Kolkata,9356866650
3912,Customer 877,Male,53,4,Bengaluru,9486563137
3913,Customer 878,Others,45,4,Guwahati,9505783275
3914,Customer 879,Others,34,4,Bhopal,9706719488
3915,Customer 880,Female,45,4,Bengaluru,9459931534
3916,Customer 881,Female,61,1,Bhopal,9439662428
3917,Customer 882,Others,38,6,Mumbai,9525985916
3918,Customer 883,Male,46,2,Guwahati,9133356808
3919,Customer 884,Male,34,6,Mumbai,9389327201
3920,Customer 885,Male,29,5,Mumbai,9483817040
3921,Customer 886,Male,50,4,Kolkata,9596106648
3922,Customer 887,Male,56,1,Guwahati,9082509390
3923,Customer 888,Others,65,6,Kolkata,9109341243
3924,Customer 889,Male,69,4,Lucknow,9764550396
3925,Customer 890,Male,63,3,Bhopal,9978441399
3926,Customer 891,Male,39,6,Kolkata,9792970074
3927,Customer 892,Others,51,5,Bengaluru,9756348647
3928,Customer 893,Male,34,5,Lucknow,9655209857
3929,Customer 894,Male,57,5,Kolkata,9511575070
3930,Customer 895,Others,20,1,Kolkata,9171405664
3931,Customer 896,Others,59,5,Lucknow,9654419723
3932,Customer 897,Female,25,1,Lucknow,9403525478
3933,Customer 898,Others,22,1,Mumbai,9804019499
3934,Customer 899,Female,59,2,Kolkata,9316022068
3935,Customer 900,Male,44,3,Kolkata,9091264872
3936,Customer 901,Female,55,5,Bhopal,9318664001
3937,Customer 902,Others,29,2,Guwahati,9709087386
3938,Customer 903,Female,50,5,Guwahati,9460488741
3939,Customer 904,Male,30,5,Kolkata,9209008532
3940,Customer 905,Male,36,5,Bhopal,9144819213
3941,Customer 906,Female,55,6,Lucknow,9564012138
3942,Customer 907,Female,27,5,Kolkata,9489281313
3943,Customer 908,Female,67,6,Bengaluru,9703915963
3944,Customer 909,Others,30,3,Bhopal,9170818144
3945,Customer 910,Male,49,3,Lucknow,9442460831
3946,Customer 911,Female,53,3,Bhopal,9424085922
3947,Customer 912,Others,34,2,Bhopal,9470110302
3948,Customer 913,Others,55,2,Kolkata,9307352125
3949,Customer 914,Others,34,4,Guwahati,9059176686
3950,Customer 915,Male,19,4,Bhopal,9029653823
3951,Customer 916,Female,75,6,Kolkata,9837747922
3952,Customer 917,Female,48,6,Bengaluru,9189235263
3953,Customer 918,Female,56,6,Kolkata,9465102426
3954,Customer 919,Male,73,4,Mumbai,9876675848
3955,Customer 920,Others,19,3,Kolkata,9689349925
3956,Customer 921,Male,34,6,Bengaluru,9244985420
3957,Customer 922,Male,66,1,Kolkata,9623139221
3958,Customer 923,Female,41,2,Kolkata,9417165640
3959,Customer 924,Male,72,4,Kolkata,9589223326
3960,Customer 925,Male,43,5,Bhopal,9733822572
3961,Customer 926,Others,60,5,Bhopal,9618642237
3962,Customer 927,Male,57,6,Lucknow,9211397122
3963,Customer 928,Male,51,2,Mumbai,9199465646
3964,Customer 929,Female,68,4,Kolkata,9996025210
3965,Customer 930,Others,43,3,Mumbai,9701289366
3966,Customer 931,Others,26,5,Bengaluru,9042649159
3967,Customer 932,Others,25,1,Mumbai,9769542854
3968,Customer 933,Others,27,2,Guwahati,9950865100
3969,Customer 934,Male,28,6,Lucknow,9398144819
3970,Customer 935,Female,41,1,Bhopal,9056422648
3971,Customer 936,Others,44,5,Mumbai,9253361034
3972,Customer 937,Female,43,1,Guwahati,9750820521
3973,Customer 938,Others,33,5,Guwahati,9573740424
3974,Customer 939,Others,22,4,Lucknow,9219564316
3975,Customer 940,Others,71,4,Lucknow,9016600177
3976,Customer 941,Male,62,5,Mumbai,9796267331
3977,Customer 942,Others,59,4,Guwahati,9576885670
3978,Customer 943,Female,22,5,Bengaluru,9282208751
3979,Customer 944,Male,50,1,Bengaluru,9007586468
3980,Customer 945,Male,75,6,Bengaluru,9577734973
3981,Customer 946,Male,28,6,Mumbai,9631860057
3982,Customer 947,Female,21,1,Bengaluru,9851429271
3983,Customer 948,Male,33,4,Mumbai,9896370524
3984,Customer 949,Male,70,2,Guwahati,9180964246
3985,Customer 950,Others,34,2,Bengaluru,9218708729
3986,Customer 951,Male,22,5,Bhopal,9214155914
3987,Customer 952,Others,61,1,Mumbai,9002259713
3988,Customer 953,Others,39,3,Bhopal,9557158553
3989,Customer 954,Others,67,6,Lucknow,9683585658
3990,Customer 955,Others,27,3,Bengaluru,9623029986
3991,Customer 956,Female,52,5,Guwahati,9465008519
3992,Customer 957,Female,41,6,Lucknow,9204387747
3993,Customer 958,Male,41,2,Kolkata,9173231234
3994,Customer 959,Female,60,1,Guwahati,9233680684
3995,Customer 960,Female,45,1,Guwahati,9772640549
3996,Customer 961,Others,58,3,Kolkata,9675970899
3997,Customer 962,Others,53,4,Lucknow,9518999576
3998,Customer 963,Female,39,2,Bengaluru,9355532045
3999,Customer 964,Female,19,4,Mumbai,9306112365
4000,Customer 965,Others,32,5,Bhopal,9353933324
4001,Customer 966,Male,45,1,Kolkata,9329639322
4002,Customer 967,Female,37,5,Lucknow,9039227764
4003,Customer 968,Others,67,5,Bhopal,9292690300
4004,Customer 969,Female,71,3,Guwahati,9942692150
4005,Customer 970,Female,59,6,Kolkata,9562271570
4006,Customer 971,Others,49,1,Guwahati,9783763648
4007,Customer 972,Others,45,2,Kolkata,9901798839
4008,Customer 973,Male,21,1,Mumbai,9505739824
4009,Customer 974,Female,62,4,Bengaluru,9962132226
4010,Customer 975,Female,64,4,Mumbai,9154894629
4011,Customer 976,Male,59,5,Lucknow,9251808732
4012,Customer 977,Others,25,3,Lucknow,9322811146
4013,Customer 978,Female,25,2,Guwahati,9760066514
4014,Customer 979,Female,64,4,Bengaluru,9419996956
4015,Customer 980,Others,33,5,Kolkata,9881536478
4016,Customer 981,Male,42,1,Guwahati,9446208005
4017,Customer 982,Male,22,4,Bengaluru,9954869374
4018,Customer 983,Male,62,5,Mumbai,9699106989
4019,Customer 984,Female,23,6,Bhopal,9307506972
4020,Customer 985,Female,68,2,Bengaluru,9504658630
4021,Customer 986,Female,20,2,Bengaluru,9778975292
4022,Customer 987,Female,64,3,Lucknow,9574467483
4023,Customer 988,Female,20,5,Bhopal,9223036611
4024,Customer 989,Male,22,3,Bengaluru,9173726822
4025,Customer 990,Others,70,2,Mumbai,9524780077
4026,Customer 991,Male,56,5,Bengaluru,9160539021
4027,Customer 992,Others,36,2,Guwahati,9392178183
4028,Customer 993,Male,37,2,Kolkata,9974071937
4029,Customer 994,Female,62,6,Guwahati,9909404425
4030,Customer 995,Male,51,3,Lucknow,9053938604
4031,Customer 996,Female,26,3,Lucknow,9562630045
4032,Customer 997,Male,62,6,Lucknow,9011021296
4033,Customer 998,Female,64,6,Kolkata,9832848343
4034,Customer 999,Female,37,5,Bhopal,9126831466
4035,Customer 1000,Female,20,2,Kolkata,9684266169
4036,Customer 1,Female,70,25,Jaipur,9872819140
4037,Customer 2,Others,48,7,Bengaluru,9134760354
4038,Customer 3,Others,26,26,Mumbai,9694718742
4039,Customer 4,Female,74,33,Kolkata,9675330512
4040,Customer 5,Male,32,10,Lucknow,9558541499
4041,Customer 6,Male,27,1,Chennai,9135483123
4042,Customer 7,Male,25,8,Bhopal,9248027191
4043,Customer 8,Female,48,6,Mumbai,9540354416
4044,Customer 9,Male,31,6,Chandigarh,9369527614
4045,Customer 10,Male,73,11,Bengaluru,9503921066
4046,Customer 11,Others,26,15,Chennai,9514617816
4047,Customer 12,Male,56,25,Bhopal,9719354680
4048,Customer 13,Male,35,33,Bhopal,9775052710
4049,Customer 14,Others,21,4,Guwahati,9934047917
4050,Customer 15,Male,48,27,Mumbai,9329630817
4051,Customer 16,Others,46,8,Hyderabad,9882847397
4052,Customer 17,Male,28,1,Guwahati,9641869631
4053,Customer 18,Female,59,20,Lucknow,9818678367
4054,Customer 19,Female,68,20,Mumbai,9058138796
4055,Customer 20,Female,23,8,Hyderabad,9243137133
4056,Customer 21,Others,68,23,Chandigarh,9811304249
4057,Customer 22,Others,49,21,Bhopal,9306765088
4058,Customer 23,Others,30,10,Chennai,9274946915
4059,Customer 24,Others,36,8,Bengaluru,9062508970
4060,Customer 25,Others,59,27,Kolkata,9120522236
4061,Customer 26,Others,64,26,Jaipur,9022928888
4062,Customer 27,Others,33,16,Chandigarh,9072669183
4063,Customer 28,Others,26,12,Guwahati,9827247462
4064,Customer 29,Others,66,5,Kolkata,9689454854
4065,Customer 30,Female,69,28,Kolkata,9718836849
4066,Customer 31,Female,35,24,Bhopal,9016200504
4067,Customer 32,Others,42,11,Lucknow,9783450605
4068,Customer 33,Others,25,2,Lucknow,9197275819
4069,Customer 34,Female,55,26,Jaipur,9364088159
4070,Customer 35,Others,39,33,Chennai,9933810357
4071,Customer 36,Others,23,29,Chennai,9712243108
4072,Customer 37,Others,56,6,Jaipur,9380526092
4073,Customer 38,Female,51,2,Lucknow,9489733396
4074,Customer 39,Male,38,11,Mumbai,9933664333
4075,Customer 40,Others,37,6,Bengaluru,9154121528
4076,Customer 41,Female,29,16,Bengaluru,9614868721
4077,Customer 42,Male,48,19,Bhopal,9797975453
4078,Customer 43,Male,57,29,Hyderabad,9672662106
4079,Customer 44,Female,37,12,Bhopal,9230287379
4080,Customer 45,Male,42,15,Bhopal,9472918694
4081,Customer 46,Female,43,2,Chennai,9312820962
4082,Customer 47,Female,61,26,Mumbai,9290244772
4083,Customer 48,Male,45,20,Bengaluru,9462068259
4084,Customer 49,Male,65,1,Bhopal,9986928582
4085,Customer 50,Male,18,20,Kolkata,9580389390
4086,Customer 51,Others,59,28,Hyderabad,9924160539
4087,Customer 52,Others,75,21,Hyderabad,9725138615
4088,Customer 53,Others,23,31,Hyderabad,9613713090
4089,Customer 54,Male,25,26,Kolkata,9764713260
4090,Customer 55,Female,37,19,Kolkata,9359538454
4091,Customer 56,Female,44,33,Lucknow,9742560891
4092,Customer 57,Male,39,17,Chennai,9418791214
4093,Customer 58,Male,27,30,Guwahati,9489888265
4094,Customer 59,Male,34,32,Jaipur,9290497671
4095,Customer 60,Male,26,33,Mumbai,9243837029
4096,Customer 61,Others,33,27,Bhopal,9459140590
4097,Customer 62,Female,68,31,Hyderabad,9849696200
4098,Customer 63,Male,68,14,Mumbai,9310931597
4099,Customer 64,Male,65,32,Bengaluru,9364333012
4100,Customer 65,Female,47,20,Kolkata,9012583875
4101,Customer 66,Male,52,2,Hyderabad,9278033992
4102,Customer 67,Female,26,7,Mumbai,9172327005
4103,Customer 68,Female,52,12,Chennai,9811824270
4104,Customer 69,Others,21,3,Chennai,9384407774
4105,Customer 70,Others,66,3,Mumbai,9564720619
4106,Customer 71,Female,49,34,Guwahati,9773369054
4107,Customer 72,Male,69,20,Jaipur,9754242078
4108,Customer 73,Others,55,11,Chandigarh,9427353629
4109,Customer 74,Male,34,10,Chandigarh,9186281024
4110,Customer 75,Male,18,31,Jaipur,9565737922
4111,Customer 76,Male,40,31,Lucknow,9435169964
4112,Customer 77,Female,60,24,Lucknow,9535832253
4113,Customer 78,Male,25,27,Bengaluru,9029954625
4114,Customer 79,Male,62,9,Chennai,9612064029
4115,Customer 80,Others,42,12,Kolkata,9724930537
4116,Customer 81,Male,74,26,Mumbai,9102253832
4117,Customer 82,Male,40,13,Mumbai,9537969519
4118,Customer 83,Male,34,20,Mumbai,9568482149
4119,Customer 84,Others,25,15,Kolkata,9046894515
4120,Customer 85,Male,27,9,Lucknow,9138446165
4121,Customer 86,Male,26,7,Chandigarh,9711529914
4122,Customer 87,Female,29,25,Chennai,9317914327
4123,Customer 88,Female,50,5,Mumbai,9967654137
4124,Customer 89,Male,67,11,Mumbai,9098886946
4125,Customer 90,Male,42,33,Jaipur,9521940399
4126,Customer 91,Male,32,28,Lucknow,9011806008
4127,Customer 92,Female,70,27,Bhopal,9886162417
4128,Customer 93,Others,63,11,Chennai,9851571372
4129,Customer 94,Male,25,7,Bengaluru,9679640162
4130,Customer 95,Male,57,24,Bengaluru,9491908799
4131,Customer 96,Male,66,26,Hyderabad,9904212538
4132,Customer 97,Female,20,6,Guwahati,9642743997
4133,Customer 98,Female,73,34,Lucknow,9397428202
4134,Customer 99,Female,73,20,Guwahati,9366196541
4135,Customer 100,Female,48,27,Lucknow,9901344862
4136,Customer 101,Female,35,21,Lucknow,9840957959
4137,Customer 102,Others,52,25,Bengaluru,9837542989
4138,Customer 103,Male,41,32,Bengaluru,9186248754
4139,Customer 104,Male,46,9,Guwahati,9745014997
4140,Customer 105,Male,64,32,Chandigarh,9583828232
4141,Customer 106,Female,28,31,Kolkata,9427017664
4142,Customer 107,Female,55,6,Jaipur,9203282673
4143,Customer 108,Female,57,19,Kolkata,9612139403
4144,Customer 109,Others,21,29,Hyderabad,9655507144
4145,Customer 110,Female,40,33,Bhopal,9824773352
4146,Customer 111,Male,42,5,Guwahati,9397367776
4147,Customer 112,Others,24,26,Hyderabad,9287529802
4148,Customer 113,Others,54,32,Jaipur,9740255561
4149,Customer 114,Male,75,26,Lucknow,9083287894
4150,Customer 115,Male,43,30,Jaipur,9581414131
4151,Customer 116,Female,43,21,Kolkata,9671104978
4152,Customer 117,Female,35,33,Kolkata,9644798007
4153,Customer 118,Male,48,27,Kolkata,9358264067
4154,Customer 119,Female,65,14,Bhopal,9495256083
4155,Customer 120,Others,59,30,Guwahati,9042581632
4156,Customer 121,Female,43,13,Jaipur,9910830180
4157,Customer 122,Female,73,12,Hyderabad,9845270980
4158,Customer 123,Female,39,30,Chandigarh,9050040377
4159,Customer 124,Female,40,12,Lucknow,9703765230
4160,Customer 125,Female,40,21,Bhopal,9404579671
4161,Customer 126,Female,36,1,Mumbai,9011205683
4162,Customer 127,Female,38,6,Bengaluru,9250169199
4163,Customer 128,Others,67,25,Hyderabad,9798392925
4164,Customer 129,Female,68,5,Mumbai,9746168644
4165,Customer 130,Others,55,8,Mumbai,9964802165
4166,Customer 131,Others,36,6,Kolkata,9373965701
4167,Customer 132,Male,68,8,Lucknow,9439091914
4168,Customer 133,Male,29,11,Chennai,9872939879
4169,Customer 134,Male,42,30,Bengaluru,9495637348
4170,Customer 135,Others,38,22,Hyderabad,9364822062
4171,Customer 136,Female,22,23,Chennai,9462506083
4172,Customer 137,Male,39,15,Chennai,9399822014
4173,Customer 138,Female,49,3,Jaipur,9216445167
4174,Customer 139,Female,48,32,Chennai,9979200734
4175,Customer 140,Female,73,14,Mumbai,9081838749
4176,Customer 141,Male,48,25,Guwahati,9450397526
4177,Customer 142,Female,69,23,Jaipur,9511689452
4178,Customer 143,Others,27,1,Kolkata,9790541506
4179,Customer 144,Others,62,3,Bengaluru,9126470686
4180,Customer 145,Others,70,10,Hyderabad,9042158994
4181,Customer 146,Others,26,19,Lucknow,9099748829
4182,Customer 147,Others,42,3,Hyderabad,9255555463
4183,Customer 148,Male,27,5,Mumbai,9735690880
4184,Customer 149,Female,21,26,Bengaluru,9945028254
4185,Customer 150,Male,56,30,Kolkata,9746676490
4186,Customer 151,Female,60,16,Bhopal,9623032562
4187,Customer 152,Male,56,17,Chennai,9040296146
4188,Customer 153,Others,31,20,Mumbai,9318618110
4189,Customer 154,Others,25,25,Chandigarh,9834263221
4190,Customer 155,Female,72,27,Bengaluru,9038429767
4191,Customer 156,Others,71,9,Lucknow,9048870533
4192,Customer 157,Male,64,11,Lucknow,9321440521
4193,Customer 158,Female,28,4,Chandigarh,9609943097
4194,Customer 159,Others,53,30,Jaipur,9563145304
4195,Customer 160,Female,38,28,Bengaluru,9155858924
4196,Customer 161,Female,46,11,Lucknow,9788547727
4197,Customer 162,Others,41,17,Lucknow,9391709891
4198,Customer 163,Female,52,26,Lucknow,9562592491
4199,Customer 164,Male,73,14,Lucknow,9912633134
4200,Customer 165,Others,34,34,Guwahati,9766278180
4201,Customer 166,Others,24,7,Lucknow,9486795555
4202,Customer 167,Others,70,5,Jaipur,9609873755
4203,Customer 168,Male,70,2,Jaipur,9371498453
4204,Customer 169,Others,21,33,Bengaluru,9204756143
4205,Customer 170,Female,59,28,Bengaluru,9452827353
4206,Customer 171,Male,24,28,Lucknow,9551424224
4207,Customer 172,Female,65,14,Bhopal,9631701793
4208,Customer 173,Others,39,2,Lucknow,9759441457
4209,Customer 174,Female,67,23,Mumbai,9546912441
4210,Customer 175,Female,20,27,Hyderabad,9875130041
4211,Customer 176,Others,57,30,Bhopal,9740484144
4212,Customer 177,Female,74,8,Bengaluru,9666822066
4213,Customer 178,Others,25,22,Lucknow,9668438856
4214,Customer 179,Male,47,5,Lucknow,9938486769
4215,Customer 180,Male,43,20,Chandigarh,9432548735
4216,Customer 181,Male,58,33,Bhopal,9958036574
4217,Customer 182,Male,53,14,Guwahati,9044600125
4218,Customer 183,Male,31,9,Lucknow,9934790915
4219,Customer 184,Female,59,14,Guwahati,9409692655
4220,Customer 185,Others,25,24,Bengaluru,9897327634
4221,Customer 186,Others,68,18,Chandigarh,9216518855
4222,Customer 187,Male,28,32,Jaipur,9445907272
4223,Customer 188,Others,33,14,Kolkata,9183135079
4224,Customer 189,Male,57,15,Mumbai,9785538067
4225,Customer 190,Female,57,27,Kolkata,9486595602
4226,Customer 191,Others,26,16,Chandigarh,9445614130
4227,Customer 192,Male,41,17,Bengaluru,9741979353
4228,Customer 193,Female,39,16,Lucknow,9826615028
4229,Customer 194,Female,30,32,Guwahati,9385504541
4230,Customer 195,Others,27,28,Chennai,9581968413
4231,Customer 196,Female,24,14,Kolkata,9016022571
4232,Customer 197,Female,26,24,Chandigarh,9020449949
4233,Customer 198,Female,37,33,Chennai,9587532988
4234,Customer 199,Female,46,21,Guwahati,9192731036
4235,Customer 200,Others,56,33,Chandigarh,9690289746
4236,Customer 201,Others,33,14,Chandigarh,9140659800
4237,Customer 202,Male,24,6,Lucknow,9057327234
4238,Customer 203,Female,72,25,Guwahati,9623594645
4239,Customer 204,Others,28,33,Bhopal,9360408334
4240,Customer 205,Female,64,1,Lucknow,9340884569
4241,Customer 206,Others,26,25,Lucknow,9339578664
4242,Customer 207,Male,61,3,Kolkata,9053537859
4243,Customer 208,Male,27,12,Mumbai,9817744120
4244,Customer 209,Female,65,19,Lucknow,9592047595
4245,Customer 210,Others,57,2,Jaipur,9612809522
4246,Customer 211,Male,24,17,Kolkata,9329940390
4247,Customer 212,Male,41,13,Lucknow,9883419074
4248,Customer 213,Male,56,16,Chandigarh,9631281337
4249,Customer 214,Others,24,34,Chandigarh,9955907570
4250,Customer 215,Female,19,18,Bengaluru,9412082974
4251,Customer 216,Female,62,23,Mumbai,9478405479
4252,Customer 217,Others,40,21,Chandigarh,9829565769
4253,Customer 218,Others,60,16,Jaipur,9550144300
4254,Customer 219,Others,60,1,Jaipur,9464007306
4255,Customer 220,Others,51,3,Chennai,9384297452
4256,Customer 221,Others,57,22,Jaipur,9385902346
4257,Customer 222,Others,51,5,Mumbai,9207278019
4258,Customer 223,Female,45,4,Hyderabad,9891284886
4259,Customer 224,Others,36,2,Mumbai,9701360909
4260,Customer 225,Others,21,29,Kolkata,9240575990
4261,Customer 226,Male,20,19,Kolkata,9059127758
4262,Customer 227,Male,21,20,Guwahati,9168968341
4263,Customer 228,Others,49,20,Lucknow,9500972662
4264,Customer 229,Others,72,16,Jaipur,9355116328
4265,Customer 230,Male,58,10,Lucknow,9744506687
4266,Customer 231,Female,25,23,Chennai,9861599274
4267,Customer 232,Female,25,1,Jaipur,9613502737
4268,Customer 233,Male,44,7,Bhopal,9047637365
4269,Customer 234,Others,53,9,Lucknow,9375073742
4270,Customer 235,Others,27,2,Mumbai,9890929003
4271,Customer 236,Female,20,2,Chandigarh,9757185926
4272,Customer 237,Male,44,16,Bhopal,9426448027
4273,Customer 238,Female,56,7,Guwahati,9341645882
4274,Customer 239,Female,58,17,Kolkata,9322154923
4275,Customer 240,Female,53,24,Lucknow,9746821519
4276,Customer 241,Female,41,2,Bhopal,9952748740
4277,Customer 242,Male,69,10,Kolkata,9254817932
4278,Customer 243,Others,43,32,Kolkata,9889779493
4279,Customer 244,Female,44,4,Chandigarh,9583247889
4280,Customer 245,Others,75,28,Lucknow,9415435546
4281,Customer 246,Female,48,22,Chandigarh,9144403895
4282,Customer 247,Female,55,31,Chandigarh,9709175592
4283,Customer 248,Others,67,1,Mumbai,9434228088
4284,Customer 249,Others,65,30,Jaipur,9619877940
4285,Customer 250,Male,71,10,Bengaluru,9202351355
4286,Customer 251,Male,63,33,Bhopal,9305285459
4287,Customer 252,Male,28,24,Bengaluru,9150090273
4288,Customer 253,Others,37,21,Bengaluru,9383077203
4289,Customer 254,Male,68,22,Bhopal,9436832700
4290,Customer 255,Male,67,33,Lucknow,9917487852
4291,Customer 256,Male,20,5,Bengaluru,9505223407
4292,Customer 257,Female,43,9,Bhopal,9813171261
4293,Customer 258,Male,59,19,Lucknow,9211976941
4294,Customer 259,Male,39,16,Mumbai,9663476621
4295,Customer 260,Female,44,12,Bengaluru,9243240241
4296,Customer 261,Male,49,1,Bengaluru,9358757634
4297,Customer 262,Female,65,10,Jaipur,9239629932
4298,Customer 263,Male,24,27,Chennai,9935026872
4299,Customer 264,Male,57,22,Lucknow,9108344661
4300,Customer 265,Female,46,14,Kolkata,9339177251
4301,Customer 266,Male,64,2,Chennai,9341447985
4302,Customer 267,Male,45,26,Chandigarh,9085202311
4303,Customer 268,Male,36,32,Kolkata,9703284693
4304,Customer 269,Others,50,8,Guwahati,9668368433
4305,Customer 270,Others,74,9,Bengaluru,9859135416
4306,Customer 271,Male,36,2,Kolkata,9037893025
4307,Customer 272,Others,67,34,Lucknow,9974503687
4308,Customer 273,Others,59,31,Mumbai,9620273392
4309,Customer 274,Female,53,12,Kolkata,9053086729
4310,Customer 275,Others,69,25,Bhopal,9340823686
4311,Customer 276,Others,57,24,Chennai,9451174726
4312,Customer 277,Others,34,32,Lucknow,9384360556
4313,Customer 278,Male,66,5,Bhopal,9516496032
4314,Customer 279,Female,29,16,Kolkata,9023840147
4315,Customer 280,Female,32,12,Bhopal,9837181484
4316,Customer 281,Female,70,25,Lucknow,9703747021
4317,Customer 282,Male,72,25,Hyderabad,9837106209
4318,Customer 283,Male,37,10,Bengaluru,9003453908
4319,Customer 284,Male,26,33,Bengaluru,9916843272
4320,Customer 285,Others,73,3,Chennai,9818329043
4321,Customer 286,Others,48,33,Bengaluru,9564388530
4322,Customer 287,Others,32,31,Chandigarh,9398455517
4323,Customer 288,Female,33,7,Kolkata,9344086159
4324,Customer 289,Male,58,4,Mumbai,9648147891
4325,Customer 290,Female,61,12,Kolkata,9088670153
4326,Customer 291,Male,71,29,Guwahati,9093656257
4327,Customer 292,Female,54,33,Guwahati,9928062759
4328,Customer 293,Male,65,24,Jaipur,9541677482
4329,Customer 294,Others,63,10,Guwahati,9797638297
4330,Customer 295,Male,53,32,Jaipur,9853712427
4331,Customer 296,Others,66,10,Guwahati,9694308617
4332,Customer 297,Female,61,33,Chennai,9706415001
4333,Customer 298,Male,73,29,Jaipur,9497601892
4334,Customer 299,Male,58,8,Chandigarh,9624016143
4335,Customer 300,Others,63,8,Lucknow,9432929110
4336,Customer 301,Male,24,29,Bhopal,9693283768
4337,Customer 302,Female,31,13,Mumbai,9039978427
4338,Customer 303,Others,64,11,Chandigarh,9582598377
4339,Customer 304,Female,37,4,Chennai,9646985842
4340,Customer 305,Female,73,33,Chennai,9229315004
4341,Customer 306,Male,32,21,Mumbai,9117719323
4342,Customer 307,Female,34,5,Lucknow,9659146343
4343,Customer 308,Female,20,1,Mumbai,9672354060
4344,Customer 309,Male,66,6,Mumbai,9753856282
4345,Customer 310,Female,39,7,Bengaluru,9594964826
4346,Customer 311,Female,49,14,Jaipur,9812376004
4347,Customer 312,Others,34,25,Bengaluru,9993786507
4348,Customer 313,Others,35,17,Guwahati,9362577446
4349,Customer 314,Female,60,14,Chennai,9310314593
4350,Customer 315,Male,21,13,Chennai,9692169202
4351,Customer 316,Male,35,10,Guwahati,9319761773
4352,Customer 317,Male,69,12,Kolkata,9060592797
4353,Customer 318,Male,22,13,Chennai,9407456100
4354,Customer 319,Female,27,27,Jaipur,9897796852
4355,Customer 320,Male,42,4,Mumbai,9465887205
4356,Customer 321,Others,22,21,Guwahati,9149533342
4357,Customer 322,Male,31,11,Bengaluru,9405987829
4358,Customer 323,Others,54,15,Mumbai,9828517298
4359,Customer 324,Male,47,1,Guwahati,9065444852
4360,Customer 325,Others,23,1,Hyderabad,9844109502
4361,Customer 326,Male,50,33,Bhopal,9219755628
4362,Customer 327,Male,54,15,Lucknow,9723814294
4363,Customer 328,Female,56,8,Bengaluru,9492054985
4364,Customer 329,Others,46,11,Kolkata,9480572240
4365,Customer 330,Others,58,33,Guwahati,9121172964
4366,Customer 331,Female,29,31,Guwahati,9956813301
4367,Customer 332,Others,45,4,Bengaluru,9827573672
4368,Customer 333,Female,63,7,Bengaluru,9753135041
4369,Customer 334,Female,24,14,Chandigarh,9848875140
4370,Customer 335,Others,65,19,Kolkata,9070244857
4371,Customer 336,Male,63,15,Chennai,9601517900
4372,Customer 337,Male,64,3,Kolkata,9984789173
4373,Customer 338,Male,22,8,Chennai,9958691860
4374,Customer 339,Female,38,31,Chennai,9552618740
4375,Customer 340,Others,56,25,Hyderabad,9951355922
4376,Customer 341,Female,41,7,Guwahati,9402630958
4377,Customer 342,Others,75,9,Hyderabad,9260440520
4378,Customer 343,Male,68,9,Mumbai,9638043504
4379,Customer 344,Male,20,12,Bengaluru,9713713222
4380,Customer 345,Female,23,18,Kolkata,9270301932
4381,Customer 346,Others,29,25,Chandigarh,9908360559
4382,Customer 347,Male,63,34,Hyderabad,9087152813
4383,Customer 348,Others,31,8,Guwahati,9543901173
4384,Customer 349,Female,48,18,Bengaluru,9095109995
4385,Customer 350,Male,62,10,Chennai,9094383388
4386,Customer 351,Female,40,32,Bhopal,9054393324
4387,Customer 352,Female,31,14,Bengaluru,9661348540
4388,Customer 353,Female,58,3,Kolkata,9778783014
4389,Customer 354,Others,68,34,Mumbai,9598194920
4390,Customer 355,Male,42,27,Bengaluru,9382169395
4391,Customer 356,Others,73,19,Lucknow,9463659461
4392,Customer 357,Male,25,15,Lucknow,9709814079
4393,Customer 358,Others,72,27,Kolkata,9979161049
4394,Customer 359,Others,36,19,Lucknow,9858560032
4395,Customer 360,Male,25,27,Chandigarh,9628605091
4396,Customer 361,Male,19,20,Jaipur,9377860089
4397,Customer 362,Female,64,13,Hyderabad,9258572833
4398,Customer 363,Male,55,32,Bhopal,9691299157
4399,Customer 364,Male,29,12,Guwahati,9577635750
4400,Customer 365,Female,65,3,Hyderabad,9120424540
4401,Customer 366,Others,53,12,Chandigarh,9966060975
4402,Customer 367,Others,24,5,Bengaluru,9976930480
4403,Customer 368,Male,75,12,Chandigarh,9440722081
4404,Customer 369,Male,27,23,Chennai,9513242563
4405,Customer 370,Male,28,8,Jaipur,9857973142
4406,Customer 371,Female,67,28,Bengaluru,9319539741
4407,Customer 372,Others,58,25,Kolkata,9452271119
4408,Customer 373,Male,73,34,Bengaluru,9559508532
4409,Customer 374,Others,50,29,Bhopal,9506760323
4410,Customer 375,Male,61,15,Bhopal,9996767571
4411,Customer 376,Male,31,8,Lucknow,9569444402
4412,Customer 377,Female,33,9,Kolkata,9516772820
4413,Customer 378,Others,43,19,Bengaluru,9312571182
4414,Customer 379,Others,18,15,Chandigarh,9377592376
4415,Customer 380,Female,46,17,Hyderabad,9376971349
4416,Customer 381,Others,57,19,Mumbai,9396747665
4417,Customer 382,Female,35,18,Lucknow,9485145939
4418,Customer 383,Others,49,1,Mumbai,9265699654
4419,Customer 384,Male,74,25,Chandigarh,9451559985
4420,Customer 385,Male,68,1,Bengaluru,9710693578
4421,Customer 386,Female,66,12,Chennai,9984359738
4422,Customer 387,Others,44,29,Hyderabad,9515326013
4423,Customer 388,Female,46,15,Bhopal,9140585431
4424,Customer 389,Male,26,21,Lucknow,9781914477
4425,Customer 390,Male,19,14,Mumbai,9990195946
4426,Customer 391,Female,23,7,Jaipur,9230259441
4427,Customer 392,Female,66,1,Kolkata,9071819176
4428,Customer 393,Male,56,14,Mumbai,9163238390
4429,Customer 394,Female,25,27,Bhopal,9468562257
4430,Customer 395,Female,25,33,Bengaluru,9644901202
4431,Customer 396,Female,45,20,Lucknow,9966794535
4432,Customer 397,Male,38,33,Mumbai,9917894131
4433,Customer 398,Female,46,20,Chandigarh,9651694281
4434,Customer 399,Male,27,29,Mumbai,9214133726
4435,Customer 400,Female,68,4,Bengaluru,9055925585
4436,Customer 401,Others,31,12,Guwahati,9282334691
4437,Customer 402,Male,63,6,Hyderabad,9512937066
4438,Customer 403,Male,56,21,Chandigarh,9568487832
4439,Customer 404,Others,46,2,Chandigarh,9554777618
4440,Customer 405,Others,69,23,Hyderabad,9711008858
4441,Customer 406,Others,40,3,Guwahati,9642672603
4442,Customer 407,Others,59,27,Hyderabad,9937034036
4443,Customer 408,Male,39,15,Lucknow,9423184587
4444,Customer 409,Others,40,10,Bhopal,9101871995
4445,Customer 410,Others,50,4,Guwahati,9739725330
4446,Customer 411,Male,68,1,Bengaluru,9833456343
4447,Customer 412,Male,21,32,Hyderabad,9367058798
4448,Customer 413,Male,70,25,Chandigarh,9933890337
4449,Customer 414,Female,53,11,Bengaluru,9819516250
4450,Customer 415,Male,23,26,Guwahati,9573901798
4451,Customer 416,Others,51,30,Hyderabad,9369440465
4452,Customer 417,Male,40,31,Lucknow,9234233703
4453,Customer 418,Female,19,19,Bengaluru,9443307692
4454,Customer 419,Female,59,28,Jaipur,9592446949
4455,Customer 420,Female,52,28,Jaipur,9961809454
4456,Customer 421,Female,36,15,Bengaluru,9435421652
4457,Customer 422,Female,43,33,Hyderabad,9126729547
4458,Customer 423,Male,40,29,Chennai,9246317040
4459,Customer 424,Others,39,24,Bhopal,9391306217
4460,Customer 425,Female,46,23,Guwahati,9861393567
4461,Customer 426,Others,53,18,Mumbai,9591845211
4462,Customer 427,Others,61,33,Mumbai,9092982522
4463,Customer 428,Female,43,5,Kolkata,9322990919
4464,Customer 429,Male,42,9,Lucknow,9983835046
4465,Customer 430,Others,47,20,Chennai,9316247255
4466,Customer 431,Male,71,26,Hyderabad,9308138685
4467,Customer 432,Others,32,20,Lucknow,9822902910
4468,Customer 433,Others,60,18,Hyderabad,9550720955
4469,Customer 434,Others,23,18,Chandigarh,9364042755
4470,Customer 435,Female,43,4,Jaipur,9763231566
4471,Customer 436,Female,48,26,Kolkata,9351959645
4472,Customer 437,Male,45,17,Kolkata,9266724222
4473,Customer 438,Male,25,21,Mumbai,9647925567
4474,Customer 439,Male,55,2,Lucknow,9026164092
4475,Customer 440,Others,30,2,Chandigarh,9648781574
4476,Customer 441,Male,22,12,Bengaluru,9634492031
4477,Customer 442,Others,71,27,Guwahati,9766715870
4478,Customer 443,Male,28,34,Mumbai,9852727148
4479,Customer 444,Others,63,29,Lucknow,9187459070
4480,Customer 445,Male,46,27,Guwahati,9082833836
4481,Customer 446,Others,63,20,Jaipur,9294273009
4482,Customer 447,Others,60,24,Kolkata,9679966834
4483,Customer 448,Others,65,32,Hyderabad,9434592999
4484,Customer 449,Female,51,20,Chennai,9982031982
4485,Customer 450,Female,69,28,Mumbai,9561494209
4486,Customer 451,Male,48,25,Mumbai,9272250506
4487,Customer 452,Female,28,7,Bengaluru,9147101907
4488,Customer 453,Others,48,22,Chandigarh,9524017483
4489,Customer 454,Others,57,13,Jaipur,9125218472
4490,Customer 455,Male,58,33,Guwahati,9909645646
4491,Customer 456,Others,36,6,Lucknow,9611613062
4492,Customer 457,Male,42,7,Chennai,9189055252
4493,Customer 458,Others,18,26,Kolkata,9319525424
4494,Customer 459,Male,46,8,Bengaluru,9667740085
4495,Customer 460,Male,26,6,Chandigarh,9489936902
4496,Customer 461,Male,53,30,Lucknow,9327836002
4497,Customer 462,Female,41,29,Kolkata,9013306055
4498,Customer 463,Female,18,8,Jaipur,9954470187
4499,Customer 464,Others,33,17,Hyderabad,9753339187
4500,Customer 465,Others,25,2,Kolkata,9622049661
4501,Customer 466,Others,63,25,Bhopal,9539289119
4502,Customer 467,Others,39,33,Hyderabad,9453492739
4503,Customer 468,Others,28,32,Chennai,9548432243
4504,Customer 469,Female,74,9,Chandigarh,9120511946
4505,Customer 470,Others,39,29,Bhopal,9296309742
4506,Customer 471,Male,63,17,Chandigarh,9851008551
4507,Customer 472,Others,47,27,Chandigarh,9745852826
4508,Customer 473,Male,49,2,Bhopal,9849599857
4509,Customer 474,Female,37,5,Jaipur,9326328836
4510,Customer 475,Others,24,3,Chandigarh,9102142066
4511,Customer 476,Others,67,32,Mumbai,9646998758
4512,Customer 477,Male,35,1,Lucknow,9875018172
4513,Customer 478,Female,23,5,Mumbai,9435862523
4514,Customer 479,Female,56,28,Bhopal,9822668630
4515,Customer 480,Female,43,4,Chennai,9126430302
4516,Customer 481,Others,68,16,Chandigarh,9489619099
4517,Customer 482,Female,20,21,Kolkata,9969941672
4518,Customer 483,Male,34,25,Guwahati,9325516682
4519,Customer 484,Others,32,5,Bhopal,9332489133
4520,Customer 485,Female,27,4,Mumbai,9252930378
4521,Customer 486,Female,39,25,Mumbai,9192443457
4522,Customer 487,Male,45,22,Chennai,9651443125
4523,Customer 488,Male,27,16,Hyderabad,9162986926
4524,Customer 489,Female,48,14,Bhopal,9418651002
4525,Customer 490,Female,43,10,Kolkata,9936603930
4526,Customer 491,Others,22,2,Chandigarh,9947187258
4527,Customer 492,Female,21,1,Jaipur,9118171904
4528,Customer 493,Male,26,2,Bengaluru,9436377458
4529,Customer 494,Female,19,18,Chandigarh,9681861330
4530,Customer 495,Female,35,10,Hyderabad,9668170717
4531,Customer 496,Male,25,15,Bhopal,9766486797
4532,Customer 497,Female,61,13,Mumbai,9936191199
4533,Customer 498,Female,25,28,Bhopal,9936816988
4534,Customer 499,Female,70,7,Bengaluru,9149886447
4535,Customer 500,Others,57,13,Chennai,9823620714
4536,Customer 501,Male,18,7,Bhopal,9003399887
4537,Customer 502,Others,57,22,Kolkata,9818835536
4538,Customer 503,Female,41,4,Bhopal,9935899724
4539,Customer 504,Female,31,15,Chandigarh,9022924554
4540,Customer 505,Others,64,14,Bengaluru,9299079037
4541,Customer 506,Female,58,12,Mumbai,9813118149
4542,Customer 507,Male,26,26,Jaipur,9952667742
4543,Customer 508,Female,21,24,Mumbai,9283379782
4544,Customer 509,Others,49,29,Jaipur,9519924525
4545,Customer 510,Female,65,17,Kolkata,9091076847
4546,Customer 511,Male,60,14,Mumbai,9694655598
4547,Customer 512,Male,42,13,Mumbai,9246983180
4548,Customer 513,Female,27,3,Kolkata,9228451337
4549,Customer 514,Female,28,23,Kolkata,9667084970
4550,Customer 515,Others,60,5,Guwahati,9032656689
4551,Customer 516,Others,45,14,Bengaluru,9399620749
4552,Customer 517,Male,63,14,Guwahati,9816625713
4553,Customer 518,Male,28,11,Kolkata,9116509070
4554,Customer 519,Others,49,20,Jaipur,9558940618
4555,Customer 520,Female,18,7,Jaipur,9699303494
4556,Customer 521,Female,73,23,Hyderabad,9676432511
4557,Customer 522,Others,38,13,Lucknow,9815951172
4558,Customer 523,Female,42,8,Jaipur,9040716238
4559,Customer 524,Male,66,8,Guwahati,9833489982
4560,Customer 525,Others,36,34,Kolkata,9954250059
4561,Customer 526,Female,19,5,Lucknow,9464776055
4562,Customer 527,Others,21,7,Bengaluru,9947986630
4563,Customer 528,Female,31,28,Guwahati,9502494277
4564,Customer 529,Others,44,20,Mumbai,9485414958
4565,Customer 530,Female,50,31,Mumbai,9621382467
4566,Customer 531,Male,42,9,Hyderabad,9762510451
4567,Customer 532,Male,24,16,Bengaluru,9250723354
4568,Customer 533,Others,53,16,Jaipur,9676586876
4569,Customer 534,Others,74,22,Chandigarh,9379582676
4570,Customer 535,Female,53,21,Kolkata,9756136191
4571,Customer 536,Female,65,32,Bengaluru,9257132429
4572,Customer 537,Male,53,24,Mumbai,9724547801
4573,Customer 538,Female,26,18,Hyderabad,9709388817
4574,Customer 539,Others,72,33,Bengaluru,9059099044
4575,Customer 540,Male,65,5,Guwahati,9276875523
4576,Customer 541,Female,20,20,Lucknow,9339471592
4577,Customer 542,Others,64,3,Kolkata,9431453127
4578,Customer 543,Male,45,27,Hyderabad,9983089427
4579,Customer 544,Female,49,24,Hyderabad,9254021311
4580,Customer 545,Others,44,21,Lucknow,9659682817
4581,Customer 546,Others,31,15,Lucknow,9325879733
4582,Customer 547,Male,37,33,Bhopal,9472288072
4583,Customer 548,Female,32,22,Kolkata,9681949935
4584,Customer 549,Others,44,18,Hyderabad,9508095342
4585,Customer 550,Female,49,5,Guwahati,9893979260
4586,Customer 551,Male,19,28,Guwahati,9760458422
4587,Customer 552,Female,74,9,Kolkata,9684400465
4588,Customer 553,Others,66,20,Jaipur,9522192015
4589,Customer 554,Others,44,21,Chennai,9068366280
4590,Customer 555,Others,45,20,Lucknow,9785317443
4591,Customer 556,Male,55,19,Bhopal,9342727907
4592,Customer 557,Others,70,5,Mumbai,9979868476
4593,Customer 558,Female,64,18,Bhopal,9875337867
4594,Customer 559,Others,70,16,Mumbai,9905451639
4595,Customer 560,Others,46,2,Bengaluru,9400397066
4596,Customer 561,Male,69,8,Kolkata,9397325607
4597,Customer 562,Male,37,14,Bengaluru,9054243692
4598,Customer 563,Female,61,30,Hyderabad,9451677706
4599,Customer 564,Others,71,20,Jaipur,9420386449
4600,Customer 565,Female,73,24,Guwahati,9794515902
4601,Customer 566,Male,58,29,Chandigarh,9902257473
4602,Customer 567,Male,43,29,Guwahati,9257192851
4603,Customer 568,Male,28,7,Mumbai,9676929861
4604,Customer 569,Male,69,30,Chennai,9871322599
4605,Customer 570,Female,60,33,Chennai,9555562667
4606,Customer 571,Others,56,25,Hyderabad,9688669742
4607,Customer 572,Female,74,22,Mumbai,9378482470
4608,Customer 573,Male,40,26,Bengaluru,9584496989
4609,Customer 574,Female,57,27,Lucknow,9103773165
4610,Customer 575,Male,59,17,Lucknow,9584530917
4611,Customer 576,Female,70,15,Kolkata,9433089574
4612,Customer 577,Male,57,29,Jaipur,9492166865
4613,Customer 578,Others,63,34,Lucknow,9485728828
4614,Customer 579,Others,19,3,Bengaluru,9128857454
4615,Customer 580,Others,73,17,Bengaluru,9697211285
4616,Customer 581,Others,53,12,Guwahati,9211671542
4617,Customer 582,Others,20,23,Kolkata,9184225122
4618,Customer 583,Male,53,9,Bhopal,9436761099
4619,Customer 584,Others,64,10,Hyderabad,9847622160
4620,Customer 585,Male,42,28,Mumbai,9094409841
4621,Customer 586,Female,23,7,Chennai,9787121800
4622,Customer 587,Others,70,28,Bhopal,9484998167
4623,Customer 588,Male,41,28,Bengaluru,9804737378
4624,Customer 589,Female,21,13,Bhopal,9327730291
4625,Customer 590,Others,53,7,Bhopal,9403975990
4626,Customer 591,Others,34,30,Mumbai,9265298111
4627,Customer 592,Female,21,1,Mumbai,9761732983
4628,Customer 593,Male,50,17,Bengaluru,9086708149
4629,Customer 594,Male,35,25,Chandigarh,9580868413
4630,Customer 595,Male,64,29,Mumbai,9786169191
4631,Customer 596,Female,65,31,Guwahati,9752152438
4632,Customer 597,Others,20,23,Jaipur,9349956609
4633,Customer 598,Male,29,11,Chandigarh,9936653694
4634,Customer 599,Male,22,5,Chennai,9378771501
4635,Customer 600,Female,40,9,Chennai,9660489241
4636,Customer 601,Others,58,20,Lucknow,9640233457
4637,Customer 602,Others,50,9,Guwahati,9397194895
4638,Customer 603,Female,47,4,Jaipur,9459606932
4639,Customer 604,Female,43,11,Lucknow,9196658591
4640,Customer 605,Female,37,22,Bhopal,9954903515
4641,Customer 606,Male,73,27,Lucknow,9883090807
4642,Customer 607,Male,43,22,Kolkata,9045224518
4643,Customer 608,Male,63,9,Lucknow,9491195294
4644,Customer 609,Others,42,2,Guwahati,9997896738
4645,Customer 610,Female,74,29,Hyderabad,9243754673
4646,Customer 611,Others,23,6,Guwahati,9681075486
4647,Customer 612,Others,51,2,Chennai,9100158289
4648,Customer 613,Male,54,9,Bhopal,9724288785
4649,Customer 614,Others,70,13,Chandigarh,9090421352
4650,Customer 615,Others,57,9,Bhopal,9401961458
4651,Customer 616,Female,28,12,Kolkata,9404467397
4652,Customer 617,Female,21,30,Lucknow,9291885400
4653,Customer 618,Male,24,31,Guwahati,9198812205
4654,Customer 619,Male,67,22,Lucknow,9081430692
4655,Customer 620,Others,56,30,Jaipur,9683917118
4656,Customer 621,Male,43,10,Kolkata,9219298286
4657,Customer 622,Female,18,25,Kolkata,9118249279
4658,Customer 623,Others,27,8,Mumbai,9075226585
4659,Customer 624,Male,31,18,Kolkata,9102740790
4660,Customer 625,Male,61,2,Jaipur,9607044235
4661,Customer 626,Female,68,31,Bhopal,9701449761
4662,Customer 627,Female,23,32,Chennai,9740650227
4663,Customer 628,Others,75,19,Lucknow,9072709845
4664,Customer 629,Others,65,11,Mumbai,9894685285
4665,Customer 630,Others,50,10,Hyderabad,9150546275
4666,Customer 631,Others,38,31,Chennai,9286510396
4667,Customer 632,Others,38,28,Mumbai,9361350121
4668,Customer 633,Female,52,30,Chennai,9195193183
4669,Customer 634,Female,42,27,Bhopal,9950221508
4670,Customer 635,Female,67,24,Lucknow,9447852394
4671,Customer 636,Female,37,5,Lucknow,9789011148
4672,Customer 637,Others,38,31,Bengaluru,9920559609
4673,Customer 638,Others,64,7,Guwahati,9064402735
4674,Customer 639,Male,74,10,Lucknow,9797531243
4675,Customer 640,Male,24,2,Jaipur,9447908163
4676,Customer 641,Others,47,3,Guwahati,9268037486
4677,Customer 642,Female,61,6,Kolkata,9130093688
4678,Customer 643,Others,57,19,Jaipur,9220029269
4679,Customer 644,Female,63,33,Bhopal,9693460869
4680,Customer 645,Female,26,1,Mumbai,9197778238
4681,Customer 646,Male,48,11,Jaipur,9676434108
4682,Customer 647,Female,26,20,Bengaluru,9624572157
4683,Customer 648,Female,63,10,Bhopal,9412644972
4684,Customer 649,Female,61,34,Chandigarh,9668973079
4685,Customer 650,Others,28,15,Chandigarh,9779646389
4686,Customer 651,Others,23,4,Kolkata,9148116756
4687,Customer 652,Female,69,21,Chandigarh,9488946349
4688,Customer 653,Others,31,10,Bengaluru,9663432889
4689,Customer 654,Male,42,13,Bhopal,9218094259
4690,Customer 655,Others,57,8,Guwahati,9885217945
4691,Customer 656,Others,61,7,Mumbai,9893448406
4692,Customer 657,Others,56,23,Chandigarh,9863957362
4693,Customer 658,Female,32,8,Bhopal,9602728624
4694,Customer 659,Others,27,3,Hyderabad,9787126434
4695,Customer 660,Male,51,22,Chennai,9821337337
4696,Customer 661,Male,27,8,Guwahati,9627187125
4697,Customer 662,Male,71,33,Guwahati,9450624097
4698,Customer 663,Male,70,10,Mumbai,9765990646
4699,Customer 664,Others,57,7,Chennai,9328768603
4700,Customer 665,Others,55,14,Kolkata,9367086301
4701,Customer 666,Others,56,21,Bhopal,9659728491
4702,Customer 667,Others,60,33,Jaipur,9315002412
4703,Customer 668,Male,56,23,Chennai,9877320223
4704,Customer 669,Others,19,20,Mumbai,9984916898
4705,Customer 670,Female,28,34,Kolkata,9022928066
4706,Customer 671,Female,31,34,Hyderabad,9486142221
4707,Customer 672,Others,20,22,Lucknow,9818331738
4708,Customer 673,Others,25,19,Chennai,9772809397
4709,Customer 674,Female,39,4,Hyderabad,9054181987
4710,Customer 675,Others,46,8,Lucknow,9464011972
4711,Customer 676,Male,58,22,Mumbai,9899267745
4712,Customer 677,Male,24,14,Guwahati,9752515144
4713,Customer 678,Female,66,9,Chennai,9548502441
4714,Customer 679,Male,46,1,Chandigarh,9294137671
4715,Customer 680,Female,38,15,Guwahati,9942421797
4716,Customer 681,Female,29,8,Chandigarh,9645524892
4717,Customer 682,Male,31,18,Lucknow,9285143750
4718,Customer 683,Others,39,25,Chandigarh,9447915765
4719,Customer 684,Female,67,22,Chennai,9549894181
4720,Customer 685,Others,71,16,Bengaluru,9243836489
4721,Customer 686,Others,72,30,Bengaluru,9061763953
4722,Customer 687,Others,65,14,Bengaluru,9070698888
4723,Customer 688,Female,52,9,Kolkata,9828660540
4724,Customer 689,Male,27,21,Chandigarh,9068376347
4725,Customer 690,Others,71,33,Hyderabad,9748759578
4726,Customer 691,Male,45,27,Jaipur,9719818746
4727,Customer 692,Female,23,10,Bhopal,9419397718
4728,Customer 693,Male,30,32,Kolkata,9206480867
4729,Customer 694,Female,39,33,Lucknow,9436758479
4730,Customer 695,Male,30,5,Bengaluru,9906653004
4731,Customer 696,Male,71,3,Jaipur,9651275416
4732,Customer 697,Female,58,30,Bhopal,9607794666
4733,Customer 698,Female,26,30,Chandigarh,9902631066
4734,Customer 699,Male,63,14,Hyderabad,9575351012
4735,Customer 700,Male,21,34,Kolkata,9329045495
4736,Customer 701,Male,75,19,Chandigarh,9103894909
4737,Customer 702,Male,22,21,Jaipur,9692731766
4738,Customer 703,Male,20,24,Mumbai,9950615914
4739,Customer 704,Others,54,14,Guwahati,9866795246
4740,Customer 705,Others,39,2,Chandigarh,9258054801
4741,Customer 706,Male,55,32,Chandigarh,9329578932
4742,Customer 707,Female,25,6,Chennai,9720655251
4743,Customer 708,Female,48,26,Chennai,9607977069
4744,Customer 709,Male,67,33,Bengaluru,9475077536
4745,Customer 710,Male,66,14,Mumbai,9483802122
4746,Customer 711,Female,35,7,Hyderabad,9338095018
4747,Customer 712,Female,28,2,Chandigarh,9921110227
4748,Customer 713,Others,73,1,Guwahati,9965351274
4749,Customer 714,Male,58,8,Guwahati,9978210712
4750,Customer 715,Male,28,17,Bhopal,9927620986
4751,Customer 716,Male,71,14,Hyderabad,9403855515
4752,Customer 717,Female,20,27,Hyderabad,9016982074
4753,Customer 718,Female,55,3,Guwahati,9457248403
4754,Customer 719,Others,35,11,Kolkata,9101550511
4755,Customer 720,Male,21,25,Chandigarh,9980761675
4756,Customer 721,Female,26,26,Bhopal,9100874216
4757,Customer 722,Female,58,9,Kolkata,9376000348
4758,Customer 723,Female,49,5,Hyderabad,9201663613
4759,Customer 724,Male,72,7,Bhopal,9908295802
4760,Customer 725,Female,39,12,Guwahati,9908391615
4761,Customer 726,Male,34,17,Bhopal,9329212373
4762,Customer 727,Others,40,20,Chennai,9971480262
4763,Customer 728,Others,43,16,Bengaluru,9957053827
4764,Customer 729,Female,41,28,Hyderabad,9486354236
4765,Customer 730,Others,49,10,Chandigarh,9307432019
4766,Customer 731,Others,58,4,Hyderabad,9736432154
4767,Customer 732,Male,59,32,Mumbai,9386326333
4768,Customer 733,Female,74,12,Bengaluru,9077051274
4769,Customer 734,Female,69,34,Chennai,9237324483
4770,Customer 735,Male,46,3,Guwahati,9171870838
4771,Customer 736,Female,22,32,Bengaluru,9064777696
4772,Customer 737,Female,56,30,Kolkata,9524453794
4773,Customer 738,Male,59,21,Guwahati,9408329237
4774,Customer 739,Others,26,7,Hyderabad,9594045491
4775,Customer 740,Male,50,29,Guwahati,9608504124
4776,Customer 741,Female,59,2,Kolkata,9460187872
4777,Customer 742,Male,36,12,Jaipur,9397272111
4778,Customer 743,Male,54,10,Kolkata,9249211893
4779,Customer 744,Female,55,20,Lucknow,9176875770
4780,Customer 745,Male,53,21,Hyderabad,9451170742
4781,Customer 746,Female,32,16,Chennai,9839667321
4782,Customer 747,Male,58,34,Bengaluru,9348913767
4783,Customer 748,Male,28,25,Guwahati,9048427650
4784,Customer 749,Others,73,32,Hyderabad,9790371745
4785,Customer 750,Female,73,28,Guwahati,9848446535
4786,Customer 751,Female,39,1,Guwahati,9435600651
4787,Customer 752,Female,29,33,Lucknow,9613457830
4788,Customer 753,Others,70,2,Lucknow,9722538958
4789,Customer 754,Female,48,30,Lucknow,9024106307
4790,Customer 755,Female,75,11,Jaipur,9950840466
4791,Customer 756,Female,62,28,Mumbai,9063548362
4792,Customer 757,Others,69,21,Kolkata,9079210809
4793,Customer 758,Female,45,5,Bengaluru,9062281146
4794,Customer 759,Male,53,8,Lucknow,9734822738
4795,Customer 760,Others,53,19,Bhopal,9679074999
4796,Customer 761,Others,72,25,Chennai,9117969587
4797,Customer 762,Male,65,1,Chandigarh,9428551740
4798,Customer 763,Others,43,30,Bhopal,9756588175
4799,Customer 764,Female,75,30,Mumbai,9933886350
4800,Customer 765,Female,66,28,Chennai,9506991539
4801,Customer 766,Female,59,23,Bhopal,9546136148
4802,Customer 767,Female,66,14,Bengaluru,9791208650
4803,Customer 768,Female,28,27,Chandigarh,9100231420
4804,Customer 769,Female,57,30,Mumbai,9859812095
4805,Customer 770,Female,48,22,Bhopal,9603567039
4806,Customer 771,Male,48,1,Bengaluru,9971133594
4807,Customer 772,Others,69,34,Kolkata,9548188083
4808,Customer 773,Female,66,10,Bhopal,9454893773
4809,Customer 774,Others,30,30,Mumbai,9681193004
4810,Customer 775,Male,19,33,Lucknow,9740312467
4811,Customer 776,Female,41,27,Chennai,9273618428
4812,Customer 777,Others,36,9,Lucknow,9497965572
4813,Customer 778,Others,19,18,Guwahati,9634612735
4814,Customer 779,Others,33,9,Hyderabad,9644515137
4815,Customer 780,Male,49,23,Kolkata,9396108725
4816,Customer 781,Male,34,19,Guwahati,9752280022
4817,Customer 782,Male,58,8,Bhopal,9300330219
4818,Customer 783,Others,18,19,Kolkata,9278690383
4819,Customer 784,Male,29,8,Kolkata,9072547109
4820,Customer 785,Male,28,14,Bengaluru,9368523162
4821,Customer 786,Male,20,2,Hyderabad,9296350792
4822,Customer 787,Others,21,30,Jaipur,9593820389
4823,Customer 788,Female,52,20,Bhopal,9846277178
4824,Customer 789,Male,36,1,Jaipur,9550225808
4825,Customer 790,Others,48,18,Hyderabad,9645219625
4826,Customer 791,Male,42,31,Lucknow,9551247989
4827,Customer 792,Others,33,16,Bhopal,9856960992
4828,Customer 793,Others,65,24,Guwahati,9003013237
4829,Customer 794,Male,57,16,Bhopal,9352657627
4830,Customer 795,Female,23,25,Bengaluru,9460914224
4831,Customer 796,Female,67,20,Bengaluru,9808825297
4832,Customer 797,Others,52,26,Chandigarh,9428369083
4833,Customer 798,Male,59,25,Bengaluru,9839553007
4834,Customer 799,Others,61,8,Lucknow,9016363650
4835,Customer 800,Male,60,12,Hyderabad,9385325420
4836,Customer 801,Female,38,18,Lucknow,9866801375
4837,Customer 802,Female,59,2,Chennai,9077041490
4838,Customer 803,Female,62,18,Hyderabad,9226698285
4839,Customer 804,Male,34,9,Guwahati,9642877749
4840,Customer 805,Others,40,5,Lucknow,9129721881
4841,Customer 806,Male,58,13,Mumbai,9967845483
4842,Customer 807,Others,29,19,Chennai,9336353605
4843,Customer 808,Male,19,14,Hyderabad,9682535282
4844,Customer 809,Others,61,7,Bengaluru,9184657606
4845,Customer 810,Male,53,21,Guwahati,9300033921
4846,Customer 811,Others,71,14,Chennai,9243250127
4847,Customer 812,Male,50,15,Chennai,9568668773
4848,Customer 813,Male,59,8,Mumbai,9615016841
4849,Customer 814,Female,31,14,Lucknow,9290278127
4850,Customer 815,Others,29,17,Guwahati,9273129665
4851,Customer 816,Others,24,24,Bhopal,9792549341
4852,Customer 817,Male,41,23,Guwahati,9711181257
4853,Customer 818,Female,68,13,Chandigarh,9800951748
4854,Customer 819,Others,50,19,Mumbai,9847058757
4855,Customer 820,Others,27,30,Guwahati,9645608361
4856,Customer 821,Male,29,8,Chandigarh,9461971227
4857,Customer 822,Female,19,28,Lucknow,9833986995
4858,Customer 823,Others,72,10,Kolkata,9590420272
4859,Customer 824,Female,37,27,Hyderabad,9126350478
4860,Customer 825,Male,65,13,Mumbai,9783425303
4861,Customer 826,Others,62,19,Kolkata,9957438811
4862,Customer 827,Female,43,2,Kolkata,9694274829
4863,Customer 828,Female,59,33,Chennai,9142052296
4864,Customer 829,Male,67,6,Lucknow,9767891672
4865,Customer 830,Others,40,29,Kolkata,9545729300
4866,Customer 831,Female,35,11,Mumbai,9740407110
4867,Customer 832,Male,68,18,Lucknow,9352894977
4868,Customer 833,Male,24,1,Lucknow,9526875134
4869,Customer 834,Others,41,21,Hyderabad,9358184157
4870,Customer 835,Male,41,7,Chennai,9685129068
4871,Customer 836,Male,59,29,Kolkata,9254793875
4872,Customer 837,Male,46,29,Guwahati,9185064599
4873,Customer 838,Others,36,2,Chandigarh,9108842666
4874,Customer 839,Female,21,18,Jaipur,9254542519
4875,Customer 840,Male,52,8,Lucknow,9706956014
4876,Customer 841,Female,64,4,Guwahati,9326359830
4877,Customer 842,Others,53,6,Guwahati,9887322391
4878,Customer 843,Female,49,23,Jaipur,9293073303
4879,Customer 844,Others,56,2,Bengaluru,9081753246
4880,Customer 845,Female,71,34,Jaipur,9339691339
4881,Customer 846,Others,64,15,Bhopal,9805917625
4882,Customer 847,Others,67,26,Hyderabad,9903877791
4883,Customer 848,Others,51,2,Jaipur,9126333331
4884,Customer 849,Others,23,5,Lucknow,9898181894
4885,Customer 850,Male,69,17,Lucknow,9796610881
4886,Customer 851,Male,47,4,Kolkata,9800701282
4887,Customer 852,Others,32,1,Hyderabad,9435950941
4888,Customer 853,Female,69,9,Bengaluru,9225973520
4889,Customer 854,Female,62,22,Hyderabad,9636194763
4890,Customer 855,Male,35,15,Mumbai,9273209330
4891,Customer 856,Others,39,13,Kolkata,9332205410
4892,Customer 857,Female,56,23,Chandigarh,9451836349
4893,Customer 858,Others,21,19,Guwahati,9303413340
4894,Customer 859,Male,43,6,Jaipur,9267844937
4895,Customer 860,Male,32,3,Lucknow,9798294232
4896,Customer 861,Others,54,6,Mumbai,9074929411
4897,Customer 862,Male,68,33,Bengaluru,9134633102
4898,Customer 863,Female,28,30,Guwahati,9592420366
4899,Customer 864,Male,35,21,Mumbai,9608092422
4900,Customer 865,Others,62,18,Hyderabad,9916914161
4901,Customer 866,Male,67,28,Bengaluru,9882131049
4902,Customer 867,Female,73,31,Chennai,9825979176
4903,Customer 868,Female,66,29,Kolkata,9371139461
4904,Customer 869,Others,30,21,Kolkata,9666882408
4905,Customer 870,Male,72,14,Kolkata,9002974024
4906,Customer 871,Female,69,21,Hyderabad,9258079595
4907,Customer 872,Male,23,29,Mumbai,9009752179
4908,Customer 873,Others,72,34,Guwahati,9868857678
4909,Customer 874,Female,33,11,Bengaluru,9435005578
4910,Customer 875,Others,48,9,Jaipur,9278958567
4911,Customer 876,Male,37,27,Mumbai,9222905025
4912,Customer 877,Others,19,26,Bhopal,9385952484
4913,Customer 878,Female,47,19,Lucknow,9608873737
4914,Customer 879,Others,67,10,Bhopal,9270507193
4915,Customer 880,Others,32,28,Chennai,9059512195
4916,Customer 881,Female,57,9,Lucknow,9041916131
4917,Customer 882,Male,45,15,Chandigarh,9593142958
4918,Customer 883,Male,60,5,Chennai,9163607191
4919,Customer 884,Male,63,29,Hyderabad,9548472715
4920,Customer 885,Male,35,31,Chandigarh,9721739296
4921,Customer 886,Others,69,10,Lucknow,9807180173
4922,Customer 887,Others,73,31,Kolkata,9873471811
4923,Customer 888,Male,69,29,Lucknow,9305578456
4924,Customer 889,Others,72,34,Chandigarh,9207130725
4925,Customer 890,Others,54,22,Bengaluru,9631476853
4926,Customer 891,Others,62,29,Chennai,9581781848
4927,Customer 892,Male,53,5,Hyderabad,9668238035
4928,Customer 893,Male,55,22,Chandigarh,9232522891
4929,Customer 894,Others,32,28,Mumbai,9030143665
4930,Customer 895,Male,27,28,Chennai,9728695484
4931,Customer 896,Male,65,2,Hyderabad,9709326554
4932,Customer 897,Others,22,19,Chandigarh,9705696065
4933,Customer 898,Others,30,26,Bengaluru,9380750163
4934,Customer 899,Others,21,33,Chennai,9509391290
4935,Customer 900,Others,20,3,Lucknow,9559178878
4936,Customer 901,Others,55,16,Guwahati,9301328495
4937,Customer 902,Female,67,1,Kolkata,9836434144
4938,Customer 903,Others,36,16,Lucknow,9469381749
4939,Customer 904,Others,58,23,Guwahati,9540439578
4940,Customer 905,Male,42,3,Chandigarh,9262449065
4941,Customer 906,Others,67,4,Bengaluru,9654619673
4942,Customer 907,Female,26,32,Kolkata,9619797227
4943,Customer 908,Female,65,28,Bhopal,9333951794
4944,Customer 909,Female,39,18,Chandigarh,9149956768
4945,Customer 910,Male,67,14,Jaipur,9175499404
4946,Customer 911,Male,35,21,Guwahati,9461247716
4947,Customer 912,Others,63,20,Chennai,9519151280
4948,Customer 913,Male,47,28,Bengaluru,9317614226
4949,Customer 914,Others,69,6,Bengaluru,9956992353
4950,Customer 915,Others,57,17,Bengaluru,9357604918
4951,Customer 916,Female,21,2,Bengaluru,9625506219
4952,Customer 917,Male,58,8,Chennai,9577558648
4953,Customer 918,Others,67,19,Bengaluru,9600259994
4954,Customer 919,Female,60,22,Jaipur,9560236790
4955,Customer 920,Male,63,27,Chandigarh,9922882876
4956,Customer 921,Female,50,19,Lucknow,9462153241
4957,Customer 922,Female,32,20,Bhopal,9096866409
4958,Customer 923,Others,58,22,Kolkata,9313563121
4959,Customer 924,Female,24,13,Guwahati,9544759181
4960,Customer 925,Others,60,18,Chennai,9228816231
4961,Customer 926,Female,37,4,Guwahati,9726319231
4962,Customer 927,Male,19,9,Chennai,9924909525
4963,Customer 928,Others,30,2,Bengaluru,9460726556
4964,Customer 929,Others,65,34,Mumbai,9118487665
4965,Customer 930,Others,69,11,Chandigarh,9491709582
4966,Customer 931,Others,33,1,Jaipur,9753699439
4967,Customer 932,Male,47,11,Jaipur,9390581103
4968,Customer 933,Female,36,18,Lucknow,9003495499
4969,Customer 934,Others,44,8,Lucknow,9734411560
4970,Customer 935,Male,65,20,Bengaluru,9327882530
4971,Customer 936,Others,75,9,Lucknow,9194952192
4972,Customer 937,Female,54,2,Hyderabad,9355245280
4973,Customer 938,Others,51,32,Chennai,9247466751
4974,Customer 939,Male,40,7,Guwahati,9918851483
4975,Customer 940,Others,19,25,Hyderabad,9854248207
4976,Customer 941,Others,30,34,Chandigarh,9097124789
4977,Customer 942,Others,34,12,Jaipur,9447537303
4978,Customer 943,Others,58,28,Chandigarh,9476617290
4979,Customer 944,Female,27,25,Lucknow,9199431395
4980,Customer 945,Male,64,18,Kolkata,9333140867
4981,Customer 946,Male,45,32,Bhopal,9281428929
4982,Customer 947,Male,58,26,Jaipur,9440380511
4983,Customer 948,Female,67,12,Guwahati,9219662121
4984,Customer 949,Male,63,7,Mumbai,9903875853
4985,Customer 950,Male,47,6,Kolkata,9714876192
4986,Customer 951,Female,30,2,Guwahati,9964485081
4987,Customer 952,Others,60,32,Mumbai,9773343968
4988,Customer 953,Others,58,15,Guwahati,9065085440
4989,Customer 954,Others,51,18,Kolkata,9534356644
4990,Customer 955,Female,39,5,Hyderabad,9312679676
4991,Customer 956,Male,69,4,Kolkata,9800415550
4992,Customer 957,Male,19,18,Jaipur,9955213381
4993,Customer 958,Female,24,20,Chandigarh,9322667555
4994,Customer 959,Others,64,24,Bengaluru,9819586751
4995,Customer 960,Others,44,11,Chandigarh,9252401311
4996,Customer 961,Male,22,8,Bhopal,9260059223
4997,Customer 962,Others,47,30,Jaipur,9873598003
4998,Customer 963,Others,19,4,Hyderabad,9778154918
4999,Customer 964,Female,55,13,Chandigarh,9196871735
5000,Customer 965,Others,44,31,Mumbai,9061365578
5001,Customer 966,Male,34,2,Guwahati,9139253702
5002,Customer 967,Others,36,6,Bengaluru,9791671589
5003,Customer 968,Male,29,29,Kolkata,9462352255
5004,Customer 969,Others,61,26,Bengaluru,9776367684
5005,Customer 970,Male,49,32,Lucknow,9376672595
5006,Customer 971,Others,48,13,Mumbai,9164687375
5007,Customer 972,Others,56,26,Jaipur,9991971565
5008,Customer 973,Female,30,26,Guwahati,9812583539
5009,Customer 974,Male,24,14,Mumbai,9956816487
5010,Customer 975,Male,26,6,Chandigarh,9277642067
5011,Customer 976,Male,35,21,Kolkata,9644973584
5012,Customer 977,Male,31,27,Bhopal,9606335708
5013,Customer 978,Male,40,1,Kolkata,9792316826
5014,Customer 979,Male,62,33,Jaipur,9052762447
5015,Customer 980,Others,63,28,Chennai,9612418959
5016,Customer 981,Others,50,21,Chandigarh,9285654294
5017,Customer 982,Female,58,15,Bengaluru,9570756657
5018,Customer 983,Others,72,1,Hyderabad,9059925207
5019,Customer 984,Others,33,3,Kolkata,9692463421
5020,Customer 985,Others,20,11,Kolkata,9529571242
5021,Customer 986,Others,42,6,Kolkata,9589058376
5022,Customer 987,Male,63,6,Chennai,9119481235
5023,Customer 988,Others,26,21,Mumbai,9084092711
5024,Customer 989,Male,47,17,Chandigarh,9635639750
5025,Customer 990,Female,61,27,Bengaluru,9723202672
5026,Customer 991,Male,35,12,Chennai,9734664248
5027,Customer 992,Female,50,30,Mumbai,9442810587
5028,Customer 993,Male,26,17,Bhopal,9842069642
5029,Customer 994,Others,19,14,Bengaluru,9601796477
5030,Customer 995,Others,49,26,Guwahati,9891787065
5031,Customer 996,Others,53,31,Chandigarh,9319177892
5032,Customer 997,Others,31,23,Bengaluru,9796208206
5033,Customer 998,Male,50,24,Bhopal,9833358588
5034,Customer 999,Male,73,21,Mumbai,9740325808
5035,Customer 1000,Female,56,16,Guwahati,9459258774
